53,1,-1,-149.79236408195237,19.33972255079496
54,1,-1,-149.86133017996977,19.31179571147311
55,1,-1,-149.96995023593422,19.251580529130294
56,1,-1,-150.1056161302369,19.173185058808656
57,1,-1,-150.25538687839418,19.091273374200256
58,1,-1,-150.33153142028667,19.05082682210208
59,1,-1,-150.48382050407164,18.969933717905732
102,5,-1,-178.18415759696805,34.950585846223404
103,5,-1,-178.48716082713324,34.96808375178695
104,5,-1,-178.9496947710594,34.99972596625684
105,5,-1,-179.5101401187679,35.05388052879558
106,5,-1,179.91162573020543,35.10071395075104
107,5,-1,179.36988139355455,35.12039115790098
108,5,-1,178.88352751437304,35.12656433512149
109,5,-1,178.42958159985298,35.14495130759118
110,5,-1,177.96907806813266,35.196494510337175
111,5,-1,177.47423277382921,35.29450195897413
8,4,-1,153.81270142524167,32.65028422195685
9,4,-1,153.98706922934153,32.78910199330856
10,4,-1,154.25515078171725,33.02273136588454
11,4,-1,154.61638814345957,33.26265090269513
12,4,-1,155.0918455270839,33.4222248310747
13,4,-1,155.6973985048561,33.452023648328776
14,4,-1,156.42763292863805,33.33665640608672
15,4,-1,157.24486444094015,33.06268511043423
16,4,-1,158.1072965283833,32.59733982491465
17,4,-1,158.97058633618354,31.929902423716616
18,4,-1,159.78709391971975,31.119477644202956
19,4,-1,160.52230688108236,30.253560371239857
20,4,-1,160.85335149472021,29.824910748370538
21,4,-1,161.4314813087393,29.02899212273851
22,4,-1,161.67423668371387,28.686004961873827
23,4,-1,162.04581595155736,28.16430772842759
24,4,-1,162.26717407716154,27.898014176258222
25,4,-1,162.39416713574687,27.90316365372761
26,4,-1,162.49937364648375,28.16660781978554
27,4,-1,162.6172949187661,28.659056362763412
28,4,-1,162.78422997239392,29.33516624475098
29,4,-1,163.01606382414653,30.148830318233117
30,4,-1,163.32922409580547,31.02252297402078
31,4,-1,163.605266394313,31.667234559080136
32,4,-1,163.69983941919813,31.87728677185604
33,4,-1,164.0618766002959,32.64203750321074
34,4,-1,164.32200393453837,33.27075285897281
35,4,-1,164.38754247305667,33.52120831629095
36,4,-1,164.39133616536196,33.58814532656823
37,4,-1,164.39512985766723,33.65508233684552
38,4,-1,164.3989235499725,33.722019347122796
39,4,-1,164.35400373140644,33.86988849069754
40,4,-1,164.09061045269175,33.99996867866757
41,4,-1,163.87284829788547,33.97755160905455
42,4,-1,163.29840403407846,33.7462904426832
43,4,-1,162.966258356158,33.54530303249554
44,4,-1,162.2635456512791,33.02521017646458
45,4,-1,161.90210039058888,32.727465918598696
46,4,-1,161.53725404715118,32.419818315569294
47,4,-1,160.80800187803197,31.823575459676082
48,4,-1,160.09291941437522,31.322892139457018
49,4,-1,159.3865683724864,30.97931166434266
50,4,-1,158.70110828753639,30.81584313621177
51,4,-1,158.0898843580752,30.797426994889523
52,4,-1,157.59663188120828,30.88949661746068
53,4,-1,157.24631747301476,31.06789636863348
54,4,-1,157.05793778463072,31.294027709116424
55,4,-1,157.0250011254328,31.53021968419726
56,4,-1,157.1228312667362,31.77888296041783
57,4,-1,157.32483693889571,32.043849957406024
58,4,-1,157.4478642665101,32.18154475846964
59,4,-1,157.7030801336298,32.45639918403542
60,4,-1,157.94218952433644,32.716517882708054
61,4,-1,158.13261916483026,32.94432818644781
62,4,-1,158.24340325240735,33.117524034269
63,4,-1,158.25519086405643,33.21295361988591
64,4,-1,158.156373030244,33.221110820783174
65,4,-1,157.9336758476354,33.136025018309894
66,4,-1,157.58908909053633,32.99058972271917
67,4,-1,157.16842656354845,32.8808054433039
68,4,-1,156.72495318758735,32.87178167626637
69,4,-1,156.30952250616397,32.93549225094568
70,4,-1,155.96635550875385,33.019340491273745
71,4,-1,155.72417902033573,33.08160966707597
72,4,-1,155.59110854038772,33.09360265998705
73,4,-1,155.54175924975394,33.04816393919422
74,4,-1,155.54026685129776,32.95977269602742
75,4,-1,155.56092249296418,32.850913513139076
76,4,-1,155.56969016334574,32.72200558851403
77,4,-1,155.5379079980946,32.574374995516905
78,4,-1,155.4495853413959,32.41818386796434
79,4,-1,155.322790594862,32.26628864345814
80,4,-1,155.18836149917666,32.13100526928583
81,4,-1,155.12596167742763,32.076220868701824
82,4,-1,155.01343508997405,31.991232274789223
83,4,-1,154.90906422630252,31.938093917126587
84,4,-1,154.86352153037976,31.924955448366667
85,4,-1,154.80001772780523,31.940248089014446
86,4,-1,154.78375041186004,31.9747099759809
87,4,-1,154.77449989990572,32.10346318714489
88,4,-1,154.77909312756353,32.30315432412332
89,4,-1,154.78180274132905,32.41843671637776
90,4,-1,154.79241263981478,32.64002649954664
91,4,-1,154.8040484322736,32.73447656017952
92,4,-1,154.84880173635457,32.88387300251602
93,4,-1,154.92729196333065,32.99514201479406
94,4,-1,154.9784613647069,33.0486894760317
95,4,-1,155.10398219283084,33.16566842398165
96,4,-1,155.2635427002844,33.29653499290939
97,4,-1,155.44770138951387,33.44340692295223
98,4,-1,155.64576102751826,33.57654248401588
99,4,-1,155.86610709958285,33.665554548108304
100,4,-1,156.12604407532186,33.72119485311061
101,4,-1,156.43841989330338,33.76690130841481
102,4,-1,156.8132608720975,33.78178428827605
103,4,-1,157.26756358247277,33.749654660941964
104,4,-1,157.8029695703222,33.655840270349394
105,4,-1,158.3826688968166,33.50084285480166
106,4,-1,158.91731290724823,33.31699951633516
107,4,-1,159.31634216339475,33.14461943723641
108,4,-1,159.52534929728594,33.01316011757549
109,4,-1,159.54424367850763,32.92534261251563
110,4,-1,159.3862224081535,32.877259238493956
111,4,-1,159.06500971202675,32.86495223082366
112,4,-1,158.60879364835804,32.882899964918906
113,4,-1,158.0672460001265,32.92278097415029
114,4,-1,157.48888978314275,32.972519465038225
115,4,-1,156.91570699182412,33.01460418123406
116,4,-1,156.39668970439473,33.03718624442424
117,4,-1,155.98020267319666,33.0291227529688
118,4,-1,155.68928277916208,32.98585607557275
119,4,-1,155.51752222204325,32.91267593907062
120,4,-1,155.44480511088645,32.82296980056
121,4,-1,155.4422145379162,32.75641365374665
122,4,-1,155.48448706004376,32.72494132431021
123,4,-1,155.55218074609635,32.71636724855829
124,4,-1,155.62301813963248,32.722862297837004
125,4,-1,155.68366211054445,32.74846650614278
126,4,-1,155.72181537005864,32.784193528034464
127,4,-1,155.72515673375696,32.809575400699735
128,4,-1,155.67965991734772,32.82990879718771
129,4,-1,155.5873709860067,32.8797260423725
130,4,-1,155.45783880621244,32.958431685654745
131,4,-1,155.30937163058192,33.03676513234179
132,4,-1,155.1627150600402,33.08745137732012
133,4,-1,155.03820820193982,33.098647197358446
134,4,-1,154.9382031631994,33.074769247425564
135,4,-1,154.8634946517348,33.04884041556137
136,4,-1,154.82935482955276,33.04966371995409
137,4,-1,154.85116549214078,33.06365405321652
138,4,-1,154.91760231861144,33.07779183810379
139,4,-1,155.0057848572088,33.104646637814625
140,4,-1,155.10108255024875,33.15400621619158
141,4,-1,155.20912477433188,33.229030487819905
142,4,-1,155.33692851037273,33.3258770554872
143,4,-1,155.48392064709242,33.42193156394701
144,4,-1,155.64678283410453,33.47742727446502
145,4,-1,155.82382496440027,33.4453761566
146,4,-1,155.9967997467204,33.318405982534806
147,4,-1,156.1412403631816,33.16905394671885
148,4,-1,156.22864172612165,33.05424935368252
149,4,-1,156.23886612083308,32.97960357786897
150,4,-1,156.17390862765092,32.94625482097124
151,4,-1,156.0542977459793,32.97112728566362
152,4,-1,155.9022251476597,33.05953767682996
153,4,-1,155.72789521070106,33.18241102905704
154,4,-1,155.54655029964974,33.29541658543067
155,4,-1,155.38814117501326,33.365523737304834
156,4,-1,155.28496471650968,33.40131447256897
157,4,-1,155.25978479104742,33.40157988214855
158,7,-1,-2.4506810848572202,-10.855148898561637
159,7,-1,-2.452011318733652,-10.848462179819577
160,7,-1,-2.453810073191028,-10.836610809842625
161,7,-1,-2.454249630122485,-10.835383484556363
162,7,-1,-2.4546891870539422,-10.834156159270103
163,7,-1,-2.4551287439853997,-10.832928833983845
164,7,-1,-2.456457467785459,-10.83424194113526
165,7,-1,-2.4581208679643614,-10.841530520694818
166,7,-1,-2.4657124976892173,-10.871025555095075
167,7,-1,-2.4724359940495257,-10.892893412649016
168,7,-1,-2.4920775712444057,-10.94297789295446
169,7,-1,-2.5160422420120896,-10.98653897077925
169,5,-1,150.8582591614767,36.43997851926605
170,5,-1,150.83688831262793,36.420120975388194
171,5,-1,150.77842591757653,36.33979281986998
172,5,-1,150.74552870354657,36.27305731716501
173,5,-1,150.66201565316132,36.10353915206118
174,5,-1,150.53084305761942,35.93033926291835
175,5,-1,150.44182537876387,35.85152541505481
176,5,-1,150.2167745291859,35.707250088533996
177,5,-1,150.08231377606444,35.63518673826466
178,5,-1,149.7685074558931,35.46627634248387
179,5,-1,149.4040723179569,35.23659047947961
180,5,-1,149.21858284045723,35.09793768550277
181,5,-1,148.88633672987504,34.78997253424595
182,5,-1,148.75582987663194,34.63528257791656
183,5,-1,148.59060217699192,34.354314636468814
184,5,-1,148.5542712880917,34.124557478305405
185,5,-1,148.5826556600079,34.031912103801986
186,5,-1,148.70891311998557,33.88136371597255
187,5,-1,148.79728378583007,33.82276069752637
188,5,-1,149.00831885640534,33.744018443396975
189,5,-1,149.23609209373413,33.713783481565855
190,5,-1,149.3470193388908,33.71132368500444
192,9,-1,1.2073782069081656,-11.499235162203119
193,9,-1,1.2672441083703294,-11.40385706480224
194,9,-1,1.3496559007022002,-11.255940973839998
195,9,-1,1.4483102592402752,-11.06574581058537
196,9,-1,1.5557298063176201,-10.84576554046474
197,9,-1,1.6641436510164416,-10.609052889943811
198,9,-1,1.7644024145155883,-10.376286293544794
199,9,-1,1.8420875214403243,-10.196804710947974
200,9,-1,1.8870312748891491,-10.085199747324026
201,9,-1,1.8946953443371581,-10.013689945277605
202,9,-1,1.8722975234713344,-9.973401142966866
203,9,-1,1.861322276448492,-9.961929266689552
204,9,-1,1.7841820475332266,-9.946619017151235
205,9,-1,1.6572718847541794,-9.992932228548598
206,9,-1,1.4878232548962793,-10.108110349926875
207,9,-1,1.2918577080366285,-10.27099265350904
208,9,-1,1.0814928385839948,-10.460686574370214
209,9,-1,0.8655128999178467,-10.661378418871067
190,4,-1,-1.6485973939074468,-11.807481219638705
191,4,-1,-1.6678475289345471,-11.781497100687545
192,4,-1,-1.6940065426743411,-11.691362649579759
193,4,-1,-1.7261598217690701,-11.494250447860452
194,4,-1,-1.762963625165328,-11.180821130711848
195,4,-1,-1.8123896843920062,-10.767691394647713
196,4,-1,-1.879486781406092,-10.267777851929864
197,4,-1,-1.9655913006890553,-9.691619910988138
198,4,-1,-2.0649006952008184,-9.078102312880063
199,4,-1,-2.1639058326312157,-8.52233802854198
200,4,-1,-2.246860734173049,-8.13088016366396
201,4,-1,-2.3050371907134912,-7.96575686597737
202,4,-1,-2.330719999011234,-7.989672051430702
203,4,-1,-2.33730170638567,-8.01306868200342
204,4,-1,-2.348121097396148,-8.216957508387523
205,4,-1,-2.3405359557286016,-8.529214460140778
206,4,-1,-2.3159448321830243,-8.910866975979303
207,4,-1,-2.275957155215423,-9.313108134268305
208,4,-1,-2.221519398688423,-9.67047246078951
209,4,-1,-2.1503728686929553,-9.959959617004172
210,4,-1,-2.0606842316554523,-10.186641191558365
211,4,-1,-1.9522091532165173,-10.352669917698991
212,4,-1,-1.8319258559427252,-10.458891567819265
213,4,-1,-1.7090365960186964,-10.510849252288281
214,4,-1,-1.589071210116214,-10.514280218731756
215,4,-1,-1.4820747830406718,-10.486214463721055
216,4,-1,-1.3928834296958283,-10.43270442413042
217,4,-1,-1.319707724031448,-10.341158149559389
218,4,-1,-1.258009241142443,-10.191688025771896
219,4,-1,-1.20269451460687,-9.956428058353296
220,4,-1,-1.1507729530636719,-9.626920676445636
221,4,-1,-1.0987175403176401,-9.237340482704584
222,4,-1,-1.046160002308897,-8.825338134847598
223,4,-1,-1.006843785768933,-8.518939060622118
224,9,-1,104.65924041061714,23.201368242634885
225,9,-1,104.72717505768432,23.237875612019018
226,9,-1,104.7687080218577,23.26528288540993
227,9,-1,104.84250537932489,23.328134675413793
228,9,-1,104.89793190023528,23.386661396944856
229,9,-1,104.92564516069046,23.41592475771039
230,9,-1,105.10992561317929,23.667455896108294
231,9,-1,105.20353106730043,23.82177489604655
232,9,-1,105.37393366520766,24.160396722484688
233,9,-1,105.4582214393378,24.390769395150183
234,9,-1,105.49031633589412,24.504252599888446
235,9,-1,105.51028554510586,24.666993294171476
236,9,-1,105.499007404707,24.768531144102706
237,9,-1,105.49336833450757,24.81930006906832
238,9,-1,105.40598882070395,24.992467283145892
239,9,-1,105.35321973567594,25.058134670285263
240,9,-1,105.32683519316193,25.090968363854955
241,9,-1,104.99692593339188,25.338888464867296
242,9,-1,104.7886441423669,25.457952738094818
243,9,-1,104.56303148688595,25.575058700410878
244,9,-1,104.40684609508,25.65247657165109
222,11,-1,136.28317481483992,32.38212363917458
223,11,-1,136.2462191853607,32.496094768201516
224,11,-1,136.23203161767313,32.54000671816998
225,11,-1,136.18607519961742,32.673796687167794
226,11,-1,136.161049077109,32.74358062363468
227,11,-1,136.12212063008377,32.85431592801749
228,11,-1,136.0974513717894,32.93301589310177
229,11,-1,136.08511674264219,32.97236587564391
230,11,-1,136.03323962409254,33.22896920204521
231,11,-1,136.02581350173693,33.36868335728613
232,11,-1,136.03341315683187,33.65848009964341
233,11,-1,136.03545218812576,33.844555951961084
234,11,-1,136.03259398621597,33.93416695245241
235,11,-1,136.01562638507144,34.06452174149361
236,11,-1,135.99281086252012,34.15118548222331
237,11,-1,135.98140310124444,34.194517352588164
238,11,-1,135.9061502695817,34.35912415075743
239,11,-1,135.86632381306518,34.425893871880916
240,11,-1,135.84641058480693,34.45927873244266
241,11,-1,135.6099227927996,34.73734063885911
242,11,-1,135.45335315565995,34.878826581255396
243,11,-1,135.2725157325942,35.01652205375553
244,11,-1,135.13683843383683,35.10339808941348
245,11,-1,135.06899978445813,35.14683610724246
246,11,-1,134.60966389212928,35.383650868883265
247,11,-1,134.11037698231985,35.60441428296937
248,11,-1,133.61038519925515,35.84562673022096
249,11,-1,133.1464596531004,36.13281400910169
250,11,-1,132.72048521077852,36.44975940016608
251,11,-1,132.51372059816836,36.614022755062585
247,9,-1,4.382957117666152,-9.499212205527016
248,9,-1,4.302279113392355,-9.435853379164186
249,9,-1,4.1983599890583,-9.349430820815826
250,9,-1,4.084879148180349,-9.25602292803893
251,9,-1,4.027486733975383,-9.207314535553238
252,9,-1,3.9702090240898293,-9.154259972243167
253,9,-1,3.8579071617567653,-9.026920674437095
254,9,-1,3.753268695611954,-8.862411444433604
255,9,-1,3.6618667062397114,-8.651256569927426
256,9,-1,3.5843491538096472,-8.395970287732851
257,9,-1,3.516438878076663,-8.111056783783766
258,9,-1,3.4536445831254547,-7.811541546149697
259,9,-1,3.3914749730407197,-7.512450062900157
260,9,-1,3.3254387519071535,-7.228807822104656
261,9,-1,3.2510446238094532,-6.975640311832734
262,9,-1,3.223364546314907,-6.902036521083848
263,9,-1,3.2095245075676346,-6.865234625709405
264,9,-1,3.119360674742235,-6.6797531699261725
283,9,-1,0.8715861685537554,-9.399539476959532
284,9,-1,0.9701999009575516,-9.32273125775383
285,9,-1,1.112600676161771,-9.177733089419519
286,9,-1,1.2931046816261815,-8.950222588803811
287,9,-1,1.5060281048105515,-8.625877372753877
288,9,-1,1.7456871331746489,-8.1903750581169
289,9,-1,2.0063213609715476,-7.632924410438276
290,9,-1,2.28186400962754,-6.956858790055989
291,9,-1,2.5649343328094267,-6.169142299044736
292,9,-1,2.8429653454738544,-5.278068592009419
293,9,-1,3.0974580937389753,-4.3119396947053446
294,9,-1,3.3219478039305517,-3.2864552479862965
295,9,-1,3.5308692346058095,-2.2074574750706404
296,9,-1,3.6599218935730113,-1.5265618359545101
297,9,-1,3.7115429571598915,-1.254203580308058
247,13,-1,-2.102788049928147,-7.012277120192195
248,13,-1,-2.0690207230244693,-7.152832387918465
249,13,-1,-2.022133181935298,-7.418126908659815
250,13,-1,-1.9726906808794369,-7.789181464762835
251,13,-1,-1.9503129623074977,-8.008437750558272
252,13,-1,-1.9312584740759438,-8.24701683857411
253,13,-1,-1.9082559920534559,-8.772625289183566
254,13,-1,-1.9088608526551134,-9.33844666106394
255,13,-1,-1.927411067031741,-9.893848393934078
256,13,-1,-1.9578709125009908,-10.395259643783477
257,13,-1,-1.9922834846910102,-10.802207025466503
258,13,-1,-2.0218435033239603,-11.084929607733997
259,13,-1,-2.038989943052399,-11.244553896580454
260,13,-1,-2.0381290441822113,-11.310729767760945
261,13,-1,-2.0169360990678897,-11.297654131140419
262,13,-1,-2.0053949067806687,-11.275379629371027
263,13,-1,-1.999624310637058,-11.26424237848633
264,13,-1,-1.956860742189795,-11.149104405444346
265,13,-1,-1.9105895265751232,-10.976801515249832
266,13,-1,-1.8697641658779047,-10.754759485107995
267,13,-1,-1.8393695359857631,-10.48463996900658
268,13,-1,-1.8206422674935878,-10.170195675224647
269,13,-1,-1.8176629818084329,-9.865237966867793
270,13,-1,-1.834956714760244,-9.64573821018702
271,13,-1,-1.8747425576303252,-9.551443586214376
272,13,-1,-1.933712517718735,-9.583572873581419
273,13,-1,-2.0105520189314467,-9.722142766769224
274,13,-1,-2.1062875249781534,-9.90592115275507
275,13,-1,-2.218621550164697,-10.064465000360855
276,13,-1,-2.3335888778015885,-10.15759267485889
277,13,-1,-2.4350362812542277,-10.172520538162331
278,13,-1,-2.511241691775572,-10.124818472363543
279,13,-1,-2.5607481876615803,-10.048149855556417
280,13,-1,-2.5896137943410515,-9.991548998985238
281,13,-1,-2.602006330288476,-9.987820724931865
282,13,-1,-2.600580713127986,-10.032232712448575
283,13,-1,-2.5890197313049943,-10.088102712210102
284,13,-1,-2.5728594639215325,-10.123942608254524
285,13,-1,-2.5585186001242946,-10.122511077003765
286,13,-1,-2.5582617161166064,-10.06181731109753
287,13,-1,-2.582631384641412,-9.917338054438446
288,13,-1,-2.635593502540151,-9.685724663496302
289,13,-1,-2.7102815948137504,-9.373586439481914
290,13,-1,-2.792695822466632,-8.992742261815948
291,13,-1,-2.8709505825415564,-8.57682554142177
292,13,-1,-2.9395158565011488,-8.142236552041114
293,13,-1,-2.998127572547439,-7.685770264740569
294,13,-1,-3.0502888442554243,-7.214533843209366
295,13,-1,-3.1002103783461914,-6.7381689028480585
296,13,-1,-3.1313553437123898,-6.440312602151486
297,13,-1,-3.14381332985891,-6.321170081872857
298,13,-1,-3.15004232293217,-6.261598821733543
293,8,-1,132.26438595815495,31.518193287988655
294,8,-1,132.55665376469432,31.72695636274486
295,8,-1,133.02057715999533,32.10917192992752
296,8,-1,133.38892809230137,32.41965919874042
297,8,-1,133.54927006850846,32.55481173661098
298,8,-1,133.62944105661202,32.62238800554626
299,8,-1,134.10009855208753,33.02097506019895
300,8,-1,134.34668485201274,33.231775323579434
301,8,-1,134.7351574250995,33.57089210035001
302,8,-1,135.00316433290322,33.8091162541544
303,8,-1,135.13716778680512,33.92822833105659
304,8,-1,135.68661116737857,34.43137508684744
305,8,-1,135.9637401285494,34.69046478422671
306,8,-1,136.3819410800821,35.091629242095074
307,8,-1,136.9409499768672,35.640938825299145
308,8,-1,137.22075791485287,35.918398975156514
309,8,-1,137.64155424566636,36.33775553654016
310,8,-1,138.06260637110026,36.75769029282907
311,5,-1,13.550948563113064,-13.454207668857734
312,5,-1,13.582278140231713,-13.436884189425072
313,5,-1,13.638591486256027,-13.41693607172313
314,5,-1,13.709311353176965,-13.437037389504923
315,5,-1,13.77098717645072,-13.529322351082087
316,5,-1,13.80340010688903,-13.670498840207415
317,5,-1,13.80095631965957,-13.8454658391545
318,5,-1,13.779429545424788,-14.030168223017183
319,5,-1,13.764421836502509,-14.19917777781798
320,5,-1,13.767712834700191,-14.342772654648373
321,5,-1,13.801092263469114,-14.444841080598676
322,5,-1,13.834534998233277,-14.473041000737593
323,5,-1,13.944602368475348,-14.471938278473075
324,5,-1,14.026083210921044,-14.437309222063574
325,5,-1,14.250651129534814,-14.29303329683488
326,5,-1,14.55527307541605,-14.04830517438701
327,5,-1,14.731015793058905,-13.898838601025986
328,5,-1,15.110808258883207,-13.58711809877839
329,3,-1,129.99512253408284,34.124832922266556
330,3,-1,130.17499667965276,34.16297269592184
331,3,-1,130.2864725276369,34.18738071980722
332,3,-1,130.49188893461942,34.227125504163716
333,3,-1,130.60944072567133,34.24179589007324
334,3,-1,130.72699251672321,34.25646627598277
335,3,-1,130.98693328536655,34.260069232480184
336,3,-1,131.27162528543496,34.22357680103203
337,3,-1,131.5829629828297,34.13852846808883
338,3,-1,132.03794436671453,33.94462258385583
339,3,-1,132.27724156048768,33.825462417926474
340,3,-1,132.66039911066838,33.612926880687944
341,3,-1,132.93268195535683,33.45682251429951
342,3,-1,133.06882337770105,33.3787703311053
343,3,-1,133.65919226250028,33.06006969588693
344,3,-1,133.96743694658338,32.903445111243265
345,3,-1,134.45498084483097,32.683092456470135
346,3,-1,135.14031025607312,32.4155821751379
347,3,-1,135.49218250111034,32.2899983215318
348,3,-1,136.0346918210826,32.11797755173333
349,3,-1,136.40262118741123,32.01110889487529
350,3,-1,136.58658587057556,31.957674566446265
353,5,-1,-139.6210679424943,29.125477834626878
354,5,-1,-139.77350971480516,29.140005766836385
355,5,-1,-139.97848801767702,29.167676178785374
356,5,-1,-140.54255151821323,29.29599964338559
357,5,-1,-140.8955236609931,29.400876586804763
358,5,-1,-141.69173673640393,29.646772952828215
359,5,-1,-142.10363848311502,29.774244447818468
360,5,-1,-142.5014934172631,29.904714375276196
361,5,-1,-142.8677712541965,30.044363424094257
362,5,-1,-143.02688033148615,30.121019855354067
363,5,-1,-143.1859894087758,30.197676286613877
364,5,-1,-143.44290902700985,30.365467122902096
365,5,-1,-143.6271953337342,30.545497515289114
366,5,-1,-143.73684064259726,30.928690148145645
367,5,-1,-143.65221584132522,31.117420871703708
368,5,-1,-143.22360717941402,31.443240239108867
369,5,-1,-142.90552615329216,31.565053547928663
370,5,-1,-142.13215347869252,31.693991507191484
371,5,-1,-141.26861782362033,31.622844272583947
372,5,-1,-140.8431855276771,31.508153581266303
373,5,-1,-140.06765619342696,31.14322263307418
379,10,-1,176.47565239598728,36.22341792947858
380,10,-1,176.47395438760353,36.36515977482275
381,10,-1,176.4672000919077,36.57921650961217
382,10,-1,176.46132337370224,36.69138963570122
383,10,-1,176.44557102521512,36.895521777370625
384,10,-1,176.42690244208114,37.046383476572295
385,10,-1,176.41105434532264,37.1197709373008
386,10,-1,176.3996516202121,37.1035919234059
387,10,-1,176.38576444806557,36.992941559411825
388,10,-1,176.36275137679579,36.7989597078605
389,10,-1,176.32605837026765,36.549151646966195
390,10,-1,176.2764238077124,36.28004317152185
391,10,-1,176.22255439411572,36.023846964352934
392,10,-1,176.17728269256028,35.79467910473873
394,2,-1,42.53731256577604,-9.520432512659468
395,2,-1,42.336402905059195,-9.421450907246737
396,2,-1,42.07227603347162,-9.317463703502682
397,2,-1,41.79373393582918,-9.274226087109854
398,2,-1,41.53225663551248,-9.283659002818155
399,2,-1,41.29333516734769,-9.3263105356925
400,2,-1,41.0669492298146,-9.397548464033164
401,2,-1,40.844796398808874,-9.480555475298885
402,2,-1,40.62278706422258,-9.560323174389382
403,2,-1,40.407486406242825,-9.62812499007579
404,2,-1,40.21355480206819,-9.675887132093436
405,2,-1,40.045705500519,-9.706789061097652
406,2,-1,39.91017562077098,-9.743057249210679
407,2,-1,39.80950383696914,-9.805497725411001
408,2,-1,39.72666213999958,-9.896257053776111
409,2,-1,39.642091270670655,-10.005218062431398
410,2,-1,39.526363871615054,-10.104843729499834
411,2,-1,39.34602836591888,-10.159374943492153
412,2,-1,39.087934899726044,-10.133901844366306
413,2,-1,38.752290014061906,-10.0091195826013
414,2,-1,38.348439049925275,-9.804309716936018
415,2,-1,37.89880504142384,-9.566728715050091
416,2,-1,37.420482117265685,-9.350767031172154
417,2,-1,36.9279860945344,-9.205821587607462
445,1,-1,178.6168840702704,22.19540804937158
446,1,-1,178.60243755263951,22.187803297635302
447,1,-1,178.5879910350086,22.180198545899028
448,1,-1,178.5735445173777,22.17259379416275
449,1,-1,178.55909799974683,22.164989042426473
450,1,-1,178.48572050602758,22.126937836373386
451,1,-1,178.29711511315446,22.026562013339188
452,1,-1,178.06096931447692,21.889336077035637
453,1,-1,177.78558459982153,21.71965528061061
454,1,-1,177.47880875238386,21.524010596088388
455,1,-1,177.14848955535948,21.308892995493267
456,1,-1,176.80247479194395,21.080793450849544
452,13,-1,15.728495464346201,1.2288249184375957
453,13,-1,16.641928667999704,1.4498034346853073
454,13,-1,17.967644502680322,1.7860014853412736
455,13,-1,19.656784553174866,2.2038043689492213
456,13,-1,21.62971742963601,2.6798948128655415
457,13,-1,23.752602985722728,3.163815500139038
458,13,-1,25.884172685389025,3.564235471007208
459,13,-1,27.92331269063937,3.7834257057150604
460,13,-1,29.841071897179628,3.7452564330494487
461,13,-1,31.654963390360106,3.452172785997959
462,13,-1,33.39789290943248,2.9855133733432524
463,13,-1,35.08801201418017,2.4100032673887455
464,13,-1,36.74900310724305,1.756024420869679
465,13,-1,38.39226961664542,1.0467208833678256
466,13,-1,40.032174636679,0.3474881915100667
467,13,-1,41.697366704792415,-0.2746659085470782
468,13,-1,43.4193833549733,-0.7930557146764414
469,13,-1,45.20483578414644,-1.2214723095015927
470,13,-1,47.05923836270331,-1.6195427303933059
471,13,-1,48.980188374359635,-2.0473611353761783
472,13,-1,50.952040356134816,-2.5297861140251854
473,13,-1,52.948412826342945,-3.0771627028408375
474,13,-1,54.952141342794526,-3.6932796056249937
475,13,-1,56.94650951505799,-4.376988601524161
476,13,-1,58.91547290496981,-5.09358359790869
477,13,-1,60.8785931834934,-5.825998075522052
473,13,-1,60.36708707985948,-0.6032499978903728
474,13,-1,59.61807655014992,-0.9638530397378702
475,13,-1,58.509899288617156,-1.5259704638027074
476,13,-1,57.07373646283353,-2.244172374787155
477,13,-1,55.34124371542713,-3.073096576573761
478,13,-1,53.34407668902599,-3.967380873045059
479,13,-1,51.118831906118075,-4.886205449100131
480,13,-1,48.71780887866453,-5.812072230032825
481,13,-1,46.20298378169283,-6.733204510577664
482,13,-1,43.63504785554102,-7.637097703700121
483,13,-1,41.05304412894421,-8.524524213106105
484,13,-1,38.46941776470089,-9.407956618017039
484,6,-1,133.21397497985535,28.354067348797308
485,6,-1,133.2938544556849,28.308176113291513
486,6,-1,133.40456384941692,28.25735597720373
487,6,-1,133.5196637120009,28.28170922120192
488,6,-1,133.60353450757583,28.408343974353734
489,6,-1,133.63598120141214,28.511840025981655
490,6,-1,133.6902956421152,28.80817325533469
491,6,-1,133.71399372940334,29.20565224786748
492,6,-1,133.7091160082332,29.653069739932853
493,6,-1,133.6913625866145,30.058374744131317
494,6,-1,133.6713831294029,30.352033966766218
495,6,-1,133.62062702071833,30.52820973981644
496,6,-1,133.48997702693566,30.621514646346462
497,6,-1,133.39017234157993,30.638510399429663
498,6,-1,133.1341783700056,30.621822706344055
499,6,-1,132.83344234861897,30.5474724623081
500,6,-1,132.67463259985516,30.4974284973169
501,6,-1,132.6619218844864,30.493352947784718
502,6,-1,132.6492111691177,30.489277398252547
503,6,-1,132.636500453749,30.485201848720365
504,6,-1,132.62378973838025,30.481126299188194
505,6,-1,132.61107902301154,30.477050749656016
506,6,-1,132.59836830764283,30.472975200123845
507,6,-1,132.58565759227412,30.468899650591663
508,6,-1,132.57294687690538,30.46482410105949
509,6,-1,132.56023616153666,30.46074855152731
510,6,-1,132.54752544616798,30.45667300199514
511,6,-1,132.5348147307992,30.45259745246296
512,6,-1,132.52845937311488,30.450559677696873
513,6,-1,132.22340220426568,30.35274648892465
514,6,-1,131.91834503541648,30.254933300152434
515,6,-1,131.61328786656728,30.15712011138021
513,13,-1,-26.757800200893623,-10.171087654111787
514,13,-1,-27.42498661700272,-9.939718158133928
515,13,-1,-28.38503664838857,-9.611699791430738
516,13,-1,-29.59864478098105,-9.249777238144063
517,13,-1,-31.029640046906877,-8.905415615050261
518,13,-1,-32.643825281239494,-8.596399330075343
519,13,-1,-34.426449753889855,-8.3035923129042
520,13,-1,-36.37248395617346,-8.009118284598642
521,13,-1,-38.4722887021169,-7.70375882299274
522,13,-1,-40.73267405413319,-7.432371836118393
523,13,-1,-43.14907257209905,-7.2325654204821035
524,13,-1,-45.68110204206275,-7.109602937372372
525,13,-1,-48.25639350718566,-7.086402850547743
526,13,-1,-50.791038360086496,-7.185153072349862
527,13,-1,-53.19585576020623,-7.409271979557574
528,13,-1,-55.36098611405188,-7.771190920250661
529,13,-1,-57.14996184362455,-8.288056982381207
530,13,-1,-58.4203703474803,-8.981709756457832
531,13,-1,-59.0528289207445,-9.848453036412792
532,13,-1,-58.96800354260182,-10.86142964605763
533,13,-1,-58.152654277643606,-11.940138572083953
534,13,-1,-56.64730028085967,-12.98779326324015
535,13,-1,-55.65475089376371,-13.480013044979188
536,13,-1,-53.24871317151374,-14.3872890926893
537,13,-1,-50.405823703082845,-15.219092579353768
538,13,-1,-47.296735205740106,-15.990156533919574
539,13,-1,-44.11169493342953,-16.652605016282212
540,13,-1,-40.99220539887691,-17.116997070853714
541,13,-1,-38.021043602493954,-17.32265029654684
542,13,-1,-35.25463365605329,-17.31024331157049
543,13,-1,-32.745899331070696,-17.20056800392561
544,13,-1,-30.54711524084992,-17.103345660813986
545,13,-1,-28.682873118387096,-17.064170351332862
546,13,-1,-27.864807261721687,-17.067501424990766
547,13,-1,-26.413332991716572,-17.111159807257366
548,13,-1,-25.127439235034533,-17.204037501068594
