38,1,-1,-18.422854337988756,-26.569970602084364
39,1,-1,-18.665128828180187,-26.26328359409773
40,1,-1,-18.99995931621757,-25.8136614382596
41,1,-1,-19.192885729424553,-25.54851078807333
42,1,-1,-19.605450204415803,-24.965212465350163
43,1,-1,-19.813918695145095,-24.65208316997115
44,1,-1,-20.222308624055596,-23.987739032999357
45,1,-1,-20.615886976971396,-23.283310358335697
46,1,-1,-20.810034454041848,-22.918595127347658
48,1,-1,-84.2778915407612,-31.69300291720981
49,1,-1,-84.1661000483801,-31.53495301007905
50,1,-1,-83.96315974428687,-31.278943891317567
51,1,-1,-83.8891583356812,-31.200996501933155
52,1,-1,-83.81515692707556,-31.123049112548756
53,1,-1,-83.629438970611,-30.953411417051633
54,1,-1,-83.12579860640506,-30.58739993197095
55,1,-1,-82.41172335161427,-30.194187858512052
56,1,-1,-81.4527851186853,-29.750854327592243
57,1,-1,-80.25554555439231,-29.25535058912736
58,1,-1,-78.86825222890528,-28.71095820348239
59,1,-1,-77.356427210313,-28.108647920049762
60,1,-1,-75.78193191443425,-27.45022383468695
61,1,-1,-74.98657509686325,-27.112509592744512
62,1,-1,-74.1906930979597,-26.774304236338832
77,1,-1,-22.224700729077178,-13.099091656073384
78,1,-1,-22.05371098418475,-13.030001975550846
79,1,-1,-21.82117434463796,-12.914918881381226
80,1,-1,-21.548667024640526,-12.747554257398278
81,1,-1,-21.404211921083068,-12.641637605610867
63,1,-1,-20.60904419593965,-15.306695154097113
64,1,-1,-20.593841743229717,-15.390460414666405
65,1,-1,-20.562265090796508,-15.501491398108312
66,1,-1,-20.43607375790946,-15.81059091378707
67,1,-1,-20.241533561587634,-16.251517286808454
68,1,-1,-20.024237555477526,-16.82020061006287
69,1,-1,-19.81901281978787,-17.496981629965617
70,1,-1,-19.644369119238384,-18.304685974509937
71,1,-1,-19.54617957423799,-19.23953641796501
72,1,-1,-19.563040670777777,-20.2011427829419
73,1,-1,-19.6689055328214,-21.0350970937311
74,1,-1,-19.797920042766307,-21.681407349390753
75,1,-1,-19.894861044681953,-22.22226788663805
76,1,-1,-19.927613152073295,-22.744185854391315
77,1,-1,-19.89430729781044,-23.291080773960445
78,1,-1,-19.799541465863918,-23.897681982481824
79,1,-1,-19.64789525532658,-24.597652049424113
80,1,-1,-19.44411081831456,-25.39972605122186
81,1,-1,-19.326960201412017,-25.832681576999985
82,1,-1,-19.071640178382356,-26.756183143274896
83,1,-1,-18.803511102317085,-27.719515913749504
93,1,-1,-16.260743624425647,-17.48886998370554
94,1,-1,-16.293054820945,-17.666914251668064
95,1,-1,-16.37610062282212,-18.20606161511722
96,1,-1,-16.482070831086812,-18.94801351527809
97,1,-1,-16.61434709675751,-19.852134220988418
98,1,-1,-16.79234255888292,-20.902603359794167
99,1,-1,-17.05394156153369,-22.053903079228405
100,1,-1,-17.43659308785234,-23.231249693904687
101,1,-1,-17.9598582351551,-24.399402654821184
102,1,-1,-18.62544101251869,-25.543475481201497
103,1,-1,-19.42364120754736,-26.658507848380413
104,1,-1,-20.354417541062876,-27.75895770888056
105,1,-1,-21.42702536515832,-28.853360066053416
106,1,-1,-22.60264587893552,-29.935863559735665
107,1,-1,-23.00422327040797,-30.297269917042463
108,1,-1,-23.205011966144195,-30.47797309569586
109,1,-1,-24.413524590453434,-31.56798551019895
110,1,-1,-25.617962813118442,-32.663571022326295
130,1,-1,-14.813468350387579,-18.515269276825947
131,1,-1,-14.892903325777137,-18.606673462633097
132,1,-1,-15.0074123553116,-18.78257782662112
133,1,-1,-15.134380688585754,-19.025884434007693
134,1,-1,-15.25711357267564,-19.317778313785155
135,1,-1,-15.371574456474303,-19.627998973772804
90,1,-1,-19.075089004148694,-4.414610697945463
91,1,-1,-19.040150154879647,-4.4454291055906054
92,1,-1,-18.955084134962682,-4.582044778759595
93,1,-1,-18.887541802116875,-4.862987574062828
94,1,-1,-18.866201372462815,-5.068535491322194
95,1,-1,-18.852070394336508,-5.610952116830475
96,1,-1,-18.88049957453612,-6.328630896783039
97,1,-1,-18.95688129316185,-7.221773150929764
98,1,-1,-19.086607930314102,-8.290580199020525
99,1,-1,-19.275071866092976,-9.535253360805212
100,1,-1,-19.525508874528832,-10.958562109256805
101,1,-1,-19.830960098797206,-12.556724878628884
102,1,-1,-20.17552707943826,-14.261387502123924
103,1,-1,-20.529788402618145,-15.991119699891469
104,1,-1,-20.84750961095623,-17.672835379397043
105,1,-1,-21.086189235439956,-19.247199135803555
106,1,-1,-21.240394119461925,-20.690249495603666
107,1,-1,-21.27127423385577,-21.135353366506006
108,1,-1,-21.286714291052697,-21.357905301957175
109,1,-1,-21.313189694208386,-22.578501379799008
110,1,-1,-21.24190229111382,-23.638055380453025
111,1,-1,-21.06140061830996,-24.52686166707819
112,1,-1,-20.761987224903358,-25.228423140212584
113,1,-1,-20.346432736593204,-25.728022874318324
114,1,-1,-19.83123672134791,-26.068022663010055
115,1,-1,-19.235121750407142,-26.344034295662325
116,1,-1,-18.574892208228594,-26.663901393905263
117,1,-1,-17.862204608771723,-27.101717000295707
118,1,-1,-17.09760855824308,-27.671695950057597
119,1,-1,-16.29313143525473,-28.354076620726246
120,1,-1,-15.47717836709137,-29.07612759248499
121,1,-1,-14.682410438972694,-29.770911442655187
122,1,-1,-13.917945245889129,-30.375269809727136
123,1,-1,-13.175910917164243,-30.871977971692743
124,1,-1,-12.458192549217435,-31.25775584646693
125,1,-1,-11.777810393022843,-31.536861172652866
126,1,-1,-11.154836928762125,-31.718181667368516
127,1,-1,-10.601782462621424,-31.83633967074881
128,1,-1,-10.138405408142729,-31.896857610904235
129,1,-1,-9.945572538887273,-31.9053382645954
130,1,-1,-9.639776557461051,-31.890952493574346
131,1,-1,-9.418548042060452,-31.845890798561477
132,1,-1,-9.252501909375468,-31.78181485835407
133,1,-1,-9.116785217527832,-31.705002638384002
134,1,-1,-9.011659787368723,-31.58756392085546
135,1,-1,-8.969864369184817,-31.345691455544824
136,1,-1,-9.031123910263336,-30.88294466246292
137,1,-1,-9.234957595555423,-30.10178395778476
138,1,-1,-9.608020741171396,-28.889175913189252
139,1,-1,-10.131645852664063,-27.175592871885996
140,1,-1,-10.782559147453219,-24.98869312558972
141,1,-1,-11.542982665994236,-22.377165258337598
142,1,-1,-12.39273993434596,-19.401009589868565
143,1,-1,-13.331431258103255,-16.088919258360733
144,1,-1,-14.330616812461821,-12.50714327035159
145,1,-1,-15.337244351688797,-8.734254993038975
146,1,-1,-15.6683604578856,-7.44179296939555
147,1,-1,-15.833918510984,-6.795561957573838
148,1,-1,-16.80604668724185,-2.8541948939548405
149,1,-1,-17.744464168386564,1.1268020389189388
150,1,-1,-18.659930020947527,5.126263920960014
143,1,-1,-14.117762273752623,-31.412045334571232
144,1,-1,-14.645580827203021,-31.231211858246525
145,1,-1,-15.338670850383728,-30.951020054556142
146,1,-1,-15.596136276815313,-30.834919144484612
147,1,-1,-15.724868990031103,-30.776868689448847
148,1,-1,-16.552076402703417,-30.373527927191148
149,1,-1,-17.426264786842175,-29.923011708896468
150,1,-1,-18.316766008295513,-29.456115123922274
151,1,-1,-19.20791974324155,-28.9885633242809
152,1,-1,-20.09907347818749,-28.521011524639533
148,1,-1,-17.670022396082523,-16.285315951654027
149,1,-1,-17.57269391226757,-16.427864757919778
150,1,-1,-17.42914165078049,-16.708441164934424
151,1,-1,-17.259491409164053,-17.12847800450065
152,1,-1,-17.081152921457306,-17.6710895824055
153,1,-1,-16.912032647374588,-18.279857252622634
154,1,-1,-16.76442204389171,-18.870977430226816
155,1,-1,-16.634177393655865,-19.415359255247086
161,1,-1,-16.730820791758543,-12.22138048002334
162,1,-1,-16.713587363009417,-12.439451411837695
163,1,-1,-16.686492426745097,-13.124657798613342
164,1,-1,-16.68386759803396,-13.424402992653913
165,1,-1,-16.68255518367839,-13.574275589674201
166,1,-1,-16.70845218930719,-14.639189019318167
167,1,-1,-16.745100542933752,-15.231992466199163
168,1,-1,-16.88291651456087,-16.48016892407702
169,1,-1,-17.121761436622343,-17.75326341659546
170,1,-1,-17.283925827848172,-18.377465927983504
171,1,-1,-17.69752718386129,-19.570291079898464
172,1,-1,-17.945348791001894,-20.134606778729836
173,1,-1,-18.5032000390622,-21.211281676456522
174,1,-1,-18.959672322293333,-21.99192542248568
158,2,-1,-19.368508274791296,8.196477527322687
159,2,-1,-19.170686889599715,7.7981732545240305
160,2,-1,-18.852733508621217,7.036824775124018
161,2,-1,-18.426561198546242,5.960006728075072
162,2,-1,-18.17506671206871,5.32441298077967
163,2,-1,-17.598630252468922,3.9050356864785414
164,2,-1,-17.382900717383425,3.3948278945631447
165,2,-1,-17.275035949840674,3.1397239986054473
166,2,-1,-16.558917215835347,1.5386749709497705
167,2,-1,-16.16578184657755,0.7149235288821102
168,2,-1,-15.310604263088829,-0.9349849196614599
169,2,-1,-14.367388089583427,-2.5534322458868104
170,2,-1,-13.865294389749975,-3.347245571420899
171,2,-1,-12.806026011679739,-4.898585479130205
172,2,-1,-12.251207432546293,-5.653925634024716
173,2,-1,-11.097091741840966,-7.118480277691731
174,2,-1,-10.198123693297905,-8.16994271111561
175,2,-1,-9.895588695853666,-8.514362511849084
176,2,-1,-8.676441145789418,-9.833409475317168
177,2,-1,-8.070815226154433,-10.461605264420555
178,2,-1,-6.888328439351629,-11.650238488354717
179,2,-1,-5.766219824398179,-12.740069793447816
180,2,-1,-5.2345730732940465,-13.244337472589777
181,2,-1,-4.241421191242668,-14.165941453377528
182,2,-1,-3.782486751349737,-14.582597822201055
183,2,-1,-2.945699424570449,-15.326424048578744
184,2,-1,-2.2247522361215557,-15.949341235759162
185,2,-1,-1.9106179691415808,-16.214861305586084
186,2,-1,-1.3793062840612615,-16.653411222473974
187,2,-1,-1.162113356986692,-16.82747050249847
188,2,-1,-0.8205557216493653,-17.082265046036753
189,2,-1,-0.5931204065140065,-17.22112906242478
190,2,-1,-0.5179658061789989,-17.254781639636974
191,2,-1,-0.43623693252535084,-17.266504764121848
192,2,-1,-0.43455411162857976,-17.225420958052837
193,2,-1,-0.49972527695825,-17.156902458294155
194,2,-1,-0.6208093136099992,-17.088642034089062
195,2,-1,-0.7875015278648728,-17.034672266927544
196,2,-1,-0.9876174850444682,-16.996772331728483
197,2,-1,-1.2067649722590832,-16.984029754831127
198,2,-1,-1.3369048012062852,-16.99416243615367
199,2,-1,-1.373590125327786,-17.000002642255133
200,2,-1,-1.4102754494492866,-17.005842848356604
201,2,-1,-1.4286181115100371,-17.008762951407334
202,2,-1,-1.6332095758061866,-17.082570836612362
203,2,-1,-1.8007667113705603,-17.23538289177891
204,2,-1,-1.9146246830551572,-17.481569514539373
205,2,-1,-1.96164210555636,-17.835347085477594
206,2,-1,-1.9501656924960609,-18.294953200263024
207,2,-1,-1.901119101006077,-18.807466140615634
208,2,-1,-1.82973035597632,-19.351783145142477
214,10,-1,-67.7550233293639,-18.782664300234696
215,10,-1,-68.76898294402781,-18.964992743607198
216,10,-1,-70.2069956559887,-19.243232498737697
217,10,-1,-71.97780593434875,-19.59808738464899
218,10,-1,-73.99015824821012,-20.010261220363873
219,10,-1,-76.1527970666751,-20.460457824905134
220,10,-1,-78.3758095487289,-20.92940475034258
176,2,-1,0.8918353597754709,-17.157789140748918
177,2,-1,0.890444736161173,-17.151491349420212
178,2,-1,0.8844287993503364,-17.124060883647118
179,2,-1,0.8739171504953649,-17.066913664251615
180,2,-1,0.8674618966285218,-17.02408150390606
181,2,-1,0.8531721729432435,-16.912882571778837
182,2,-1,0.8458350893041054,-16.85019228780364
183,2,-1,0.8325819931068777,-16.731510702448844
184,2,-1,0.8199494610754773,-16.63282333049301
185,2,-1,0.81289710595334,-16.591146983742505
186,2,-1,0.7961458119542466,-16.532657655958886
187,2,-1,0.7867104282921997,-16.528686446520013
188,2,-1,0.7658983051759116,-16.593398203105036
189,2,-1,0.746161388883213,-16.750708255154237
190,2,-1,0.7394057377937397,-16.8477656928941
191,2,-1,0.7380917846738488,-17.04981573215673
192,2,-1,0.7599096977695359,-17.24905338208964
193,2,-1,0.8129575719470106,-17.431304010673703
194,2,-1,0.9050522127913929,-17.5797646076881
195,2,-1,1.0420504566133983,-17.67736631098512
196,2,-1,1.2261886018424735,-17.74540252373332
197,2,-1,1.4578413414594227,-17.824184692327265
198,2,-1,1.613890405078069,-17.90403680137129
199,2,-1,1.6611890760588406,-17.933640197269312
200,2,-1,1.7084877470396123,-17.963243593167334
201,2,-1,1.7321370825299978,-17.978045291116345
202,2,-1,2.0384320533425533,-18.23516103340208
203,2,-1,2.3605978737529076,-18.596912964660035
204,2,-1,2.678160667905001,-19.04894696397115
205,2,-1,2.9704576253466035,-19.576224772746997
206,2,-1,3.2175771127449138,-20.16677715678803
207,2,-1,3.4091257265335835,-20.812894054240555
208,2,-1,3.548351060698378,-21.499330331342435
209,2,-1,3.6406261422730393,-22.209978463968895
210,2,-1,3.6913239982913084,-22.928730927995204
211,2,-1,3.705817655786928,-23.639480199296628
212,2,-1,3.6896968868090276,-24.316841159993558
213,2,-1,3.6482672665996176,-24.88669096135267
214,2,-1,3.587655437450876,-25.28205130147289
215,2,-1,3.5234183160840256,-25.50956669608961
216,2,-1,3.4673081770165477,-25.621293986747858
217,2,-1,3.422344859117927,-25.68996344985929
218,2,-1,3.3898242622583457,-25.801205193575584
219,2,-1,3.369579810496772,-26.030562609006793
220,2,-1,3.3545303091381693,-26.412463908518077
221,2,-1,3.334314736414495,-26.911102896898186
222,2,-1,3.2973756394518823,-27.461006921303905
223,2,-1,3.2444007944654145,-28.032948200446924
225,3,-1,-98.89985249449587,-8.319869045337072
226,3,-1,-99.36365894136449,-8.429846221203732
227,3,-1,-99.50110949377158,-8.464874451474255
228,3,-1,-99.63856004617868,-8.499902681744778
229,3,-1,-99.70728532238223,-8.517416796880042
230,3,-1,-100.6044445061427,-8.718279985348985
231,3,-1,-101.7565637940404,-8.899587901919915
232,3,-1,-102.59066708931785,-8.989831428562294
233,3,-1,-102.94210154705081,-9.021768521126308
234,3,-1,-103.1178187759173,-9.037737067408315
235,3,-1,-104.62152490075465,-9.14010169309681
236,3,-1,-106.2065841585589,-9.18745752469492
237,3,-1,-107.04746837949256,-9.188957693537587
238,3,-1,-107.11776956976574,-9.188759122731247
239,3,-1,-107.18807076003891,-9.188560551924908
240,3,-1,-107.2583719503121,-9.188361981118568
241,3,-1,-107.32867314058528,-9.18816341031223
242,3,-1,-107.39897433085844,-9.18796483950589
243,3,-1,-107.46927552113162,-9.187766268699551
244,3,-1,-107.5395767114048,-9.187567697893211
245,3,-1,-107.60987790167799,-9.187369127086873
246,3,-1,-107.68017909195116,-9.187170556280533
247,3,-1,-107.75048028222434,-9.186971985474194
248,3,-1,-107.82078147249753,-9.186773414667854
249,3,-1,-159.98134771794454,-5.870923594870291
250,3,-1,-159.94052653016283,-5.694890450513938
251,3,-1,-159.8720366661194,-5.395370275073532
252,3,-1,-159.79657904380034,-5.02246083733904
253,3,-1,-159.73825217214088,-4.6398994797005315
254,3,-1,-159.72156875050047,-4.346200539581147
255,3,-1,-159.7495068126626,-4.25705869933509
256,3,-1,-159.80721702323174,-4.464052651178619
257,3,-1,-159.88829964254762,-4.950451739491697
258,3,-1,-159.96260370254612,-5.423224043806222
259,3,-1,-159.98930218216296,-5.587556385564738
260,3,-1,-160.11824703084753,-6.262889708324593
261,3,-1,-160.25999497841448,-6.951741694936686
262,3,-1,-160.33138965584905,-7.298727696964606
263,3,-1,-160.40278433328362,-7.645713698992524
273,13,-1,-81.51539533009878,-13.819041566656892
274,13,-1,-81.99943885239534,-13.761174941215266
275,13,-1,-82.23091012272772,-13.732310016662899
276,13,-1,-82.34664575789392,-13.717877554386716
277,13,-1,-83.53671036393571,-13.556137949376478
278,13,-1,-84.25589392482793,-13.450041686968232
279,13,-1,-85.91079293326068,-13.187617345817344
280,13,-1,-87.77229239215836,-12.876636619944975
281,13,-1,-88.74823597014637,-12.710524547850966
282,13,-1,-89.40747337424109,-12.597759983758234
283,13,-1,-89.73709207628845,-12.541377701711866
284,13,-1,-91.71910846462396,-12.202072418085294
285,13,-1,-93.70112485295947,-11.862767134458721
279,8,-1,58.89717849973909,-8.106370864896917
280,8,-1,58.93337274966133,-8.138024600894084
281,8,-1,58.959981163249545,-8.168235025708682
282,8,-1,58.98147752754505,-8.19532777552375
283,8,-1,58.99222570969282,-8.208874150431285
284,8,-1,59.073441874297345,-8.327800012658829
285,8,-1,59.176356144587885,-8.507776575103236
286,8,-1,59.29433967397252,-8.757214734971015
287,8,-1,59.356772615217814,-8.900793916367107
288,8,-1,59.372793708384656,-8.940357024880864
289,8,-1,59.40483589471833,-9.019483241908379
290,8,-1,59.42085698788517,-9.059046350422136
291,8,-1,59.55148539743748,-9.441373037556062
292,8,-1,59.68098657202925,-9.9582645913611
293,8,-1,59.75446773733401,-10.338835567706797
294,8,-1,59.77513282354406,-10.459145164048714
295,8,-1,59.79579790975412,-10.579454760390632
296,8,-1,59.80613045285916,-10.63960955856159
297,8,-1,59.92725271848701,-11.503246007767956
298,8,-1,60.052009525403975,-12.563342303409215
299,8,-1,60.06874958274299,-12.711412762177206
300,8,-1,60.08548964008201,-12.859483220945194
301,8,-1,60.10222969742104,-13.007553679713181
302,8,-1,60.11896975476006,-13.155624138481173
303,8,-1,60.188185393086094,-13.773216047755342
304,8,-1,59.9661081449274,-7.367348377801903
305,8,-1,59.9433970202909,-7.418965102536092
306,8,-1,59.928989022336886,-7.45738282338489
307,8,-1,59.920067174453564,-7.486635177080615
308,8,-1,59.902223478686935,-7.545139884472063
309,8,-1,59.87147114666809,-7.668157666804163
310,8,-1,59.80200379607273,-8.032994654089876
311,8,-1,59.75977680899473,-8.305637337634725
312,8,-1,59.74913701929856,-8.378559891047736
313,8,-1,59.73849722960238,-8.451482444460748
314,8,-1,59.72785743990621,-8.52440499787376
315,8,-1,59.69027883073013,-8.778901785173545
316,8,-1,59.613563412341406,-9.21184355468412
317,8,-1,59.56884673064822,-9.385677496398705
318,8,-1,59.55757593626337,-9.418649377188743
319,8,-1,59.54630514187852,-9.451621257978779
320,8,-1,59.53503434749367,-9.484593138768815
321,8,-1,59.49667125884356,-9.566892078911053
322,8,-1,59.46137010674919,-9.626687914096594
323,8,-1,59.42929695631048,-9.675653969581548
324,8,-1,59.42418856235063,-9.68371866464109
325,8,-1,59.419080168390785,-9.691783359700636
326,8,-1,59.41397177443095,-9.69984805476018
327,8,-1,59.411417577451026,-9.703880402289954
328,8,-1,59.399322057890274,-9.724633800051492
329,8,-1,59.40001748978738,-9.706650863561677
330,8,-1,59.40053622203367,-9.695561187976386
331,8,-1,59.40105495427997,-9.684471512391097
332,8,-1,59.40157368652627,-9.673381836805804
333,8,-1,59.401833052649415,-9.66783699901316
334,8,-1,59.40364044313257,-9.611376008067126
335,8,-1,59.40611183754657,-9.473986187569253
336,8,-1,59.406341723560736,-9.447503030156575
337,8,-1,59.406571609574904,-9.421019872743894
338,8,-1,59.406686552582,-9.407778294037556
339,8,-1,59.407985312313954,-9.349537013218907
340,8,-1,59.4244297049101,-9.241474132059068
341,8,-1,59.45495915868017,-9.16763637293554
342,8,-1,59.46558889377556,-9.14822941962327
343,8,-1,59.47621862887093,-9.128822466311002
344,8,-1,59.486848363966324,-9.10941551299873
345,8,-1,59.49216323151401,-9.099712036342597
346,8,-1,59.617297340379196,-8.879156923908127
347,8,-1,59.6930148259829,-8.734148228571426
348,8,-1,59.71963692001879,-8.681706109591255
349,8,-1,59.74625901405468,-8.629263990611085
350,8,-1,59.77288110809057,-8.576821871630912
351,8,-1,59.85330854358358,-8.418211980799953
352,8,-1,59.93099570092705,-8.268547993383237
353,8,-1,60.07048501498594,-8.019678381111033
354,8,-1,60.087737986252854,-7.990740230229499
355,8,-1,60.10499095751977,-7.961802079347963
356,8,-1,60.12224392878667,-7.9328639284664275
357,8,-1,60.13087041442012,-7.918394853025659
358,8,-1,60.23088471927767,-7.749900184963578
359,8,-1,60.269677723150124,-7.675129690618762
360,8,-1,60.27844777878947,-7.654117255133577
361,8,-1,60.287217834428816,-7.633104819648394
362,8,-1,60.29598789006816,-7.612092384163209
363,8,-1,60.300372917887834,-7.601586166420617
364,8,-1,60.323716629790866,-7.5283602333127115
365,8,-1,60.35202027947319,-7.394282247001058
366,8,-1,60.35412649653439,-7.381936056931396
367,8,-1,60.3562327135956,-7.369589866861735
368,8,-1,60.358338930656814,-7.357243676792073
369,8,-1,60.359392039187426,-7.3510705817572415
370,8,-1,60.37136280834868,-7.329695523366368
371,8,-1,60.3808538335585,-7.349717659648962
372,8,-1,60.38359460756047,-7.357466653651832
373,8,-1,60.38633538156243,-7.3652156476547015
374,8,-1,60.389076155564396,-7.372964641657572
375,8,-1,60.390446542565385,-7.376839138659006
376,8,-1,60.42390381604414,-7.4732141400480705
377,8,-1,60.446875252723395,-7.528557739504095
378,8,-1,60.4787691356452,-7.585445391194928
379,8,-1,60.48790364971275,-7.597434607498441
380,8,-1,60.49703816378028,-7.609423823801953
381,8,-1,60.50617267784782,-7.621413040105466
382,8,-1,60.54330973045421,-7.652619953792353
383,8,-1,60.634149684855636,-7.689784907460164
384,8,-1,60.696651756949734,-7.70093954502404
385,8,-1,60.713638966732574,-7.702734695181855
386,8,-1,60.73062617651539,-7.7045298453396684
387,8,-1,60.747613386298234,-7.706324995497482
388,8,-1,60.81197373379445,-7.7114709527478436
389,8,-1,60.94919725072775,-7.743712169833444
390,8,-1,61.030455444417505,-7.799538972745251
391,8,-1,61.05108536845134,-7.822001327498249
392,8,-1,61.07171529248517,-7.8444636822512495
393,8,-1,61.09234521651901,-7.866926037004248
394,8,-1,61.16565470111484,-7.989980320531559
395,8,-1,61.31241517404628,-8.396867944726182
396,8,-1,61.46521908638559,-8.978832449159441
396,8,-1,97.38432525841125,-8.640657304179939
397,8,-1,96.75821404322849,-8.317390439461377
398,8,-1,96.29397627820946,-8.056272644406306
399,8,-1,95.08195448339687,-7.424955721779639
400,8,-1,93.53739469296754,-6.772911004467389
401,8,-1,91.73169676538534,-6.222173805684194
402,8,-1,89.73177122359952,-5.821361784705502
403,8,-1,87.58486250076552,-5.532932353321698
404,8,-1,85.3455100402462,-5.33083345712889
405,8,-1,83.08220476525179,-5.198831965360924
406,8,-1,80.86638460059736,-5.123287885039289
407,8,-1,78.77051807845696,-5.12022924714762
408,8,-1,76.84422676005406,-5.22273483850897
409,8,-1,75.0726584800536,-5.3998701645761145
410,8,-1,73.39703574018637,-5.570725939064786
411,8,-1,71.76276869660069,-5.680333713366636
412,8,-1,70.13655227804193,-5.725744662064756
413,8,-1,68.50742814423893,-5.751037153807559
414,8,-1,66.87703655943203,-5.808975328773769
415,8,-1,65.24443878394135,-5.943895923703877
416,8,-1,63.59883722946567,-6.161787816687394
417,8,-1,61.93023488446663,-6.43861395613726
418,8,-1,60.22550416076341,-6.727996795119253
419,8,-1,58.4766446345151,-6.986905097807891
420,8,-1,56.68095046852747,-7.214007916765907
421,8,-1,54.839138969984624,-7.480397480679741
422,8,-1,52.95008284472498,-7.816848908534354
423,8,-1,51.015519604740916,-8.205213322963049
424,8,-1,49.035518728364345,-8.60047267061401
425,8,-1,47.002038004504996,-8.960352365509848
426,8,-1,44.89834380395129,-9.26240775242465
427,8,-1,42.729123263291186,-9.513801934279797
428,8,-1,40.52034153265773,-9.695197435299121
429,8,-1,38.29248007107507,-9.799951783173327
430,8,-1,36.043378064964614,-9.850326358277387
431,8,-1,33.74393810390011,-9.836269855370873
432,8,-1,31.3676935604111,-9.759753503220153
433,8,-1,28.910653645697675,-9.610983664721843
434,8,-1,26.373446501427544,-9.359900329934021
435,8,-1,23.756856046967595,-8.984375507871903
436,8,-1,21.06870071976528,-8.48329693979096
437,8,-1,18.317012255901442,-7.863146696994191
438,8,-1,15.524201043950052,-7.173389704010389
439,8,-1,12.715580857349616,-6.470070887524031
440,8,-1,9.90841931336841,-5.759793192588788
442,9,-1,4.851676886063663,-17.130297666769692
443,9,-1,4.610573874978892,-16.816578902584084
444,9,-1,4.249280446806333,-16.37815142847063
445,9,-1,3.796506417580714,-15.867669399914632
446,9,-1,3.295566245140544,-15.358720794347704
447,9,-1,2.780210972161466,-14.893393986972185
448,9,-1,2.2636396309304376,-14.438032450083014
449,9,-1,1.7470682896994094,-13.982670913193845
449,2,-1,-7.749415654976235,-11.655914909788835
450,2,-1,-8.368984673556286,-11.64301173881087
451,2,-1,-9.372946060657018,-11.606070316967973
452,2,-1,-10.712392292908719,-11.524377121744765
453,2,-1,-12.325579960666996,-11.381330137457638
454,2,-1,-14.148317876138767,-11.18887348445969
455,2,-1,-16.12386577637488,-10.982642208010077
456,2,-1,-18.220500310759913,-10.743043779638995
457,2,-1,-20.41758447979636,-10.412159071132391
458,2,-1,-22.696458022429834,-9.980343832578455
459,2,-1,-25.04002962233334,-9.45200909481514
460,2,-1,-27.42960537812125,-8.839675720354123
461,2,-1,-29.839185721480217,-8.144082212778
462,2,-1,-32.2390803927383,-7.39606105960398
463,2,-1,-34.594108424437536,-6.655928627077827
464,2,-1,-36.88101047895792,-5.951640981144308
465,2,-1,-39.08522165594627,-5.286314079833488
466,2,-1,-41.194274434265644,-4.657141657723145
467,2,-1,-43.21033007454461,-4.028549515503684
468,2,-1,-45.13751543378966,-3.359353660860407
469,2,-1,-46.97559632885996,-2.626736322341273
470,2,-1,-48.725360066708895,-1.817108099785969
471,2,-1,-50.39177371245049,-0.9584144686601092
472,2,-1,-51.983334593312094,-0.10025286004113808
473,2,-1,-53.50869215563971,0.7068789391411626
474,2,-1,-54.97651462176902,1.4141056776260825
475,2,-1,-56.39590206180218,2.0098704245422425
476,2,-1,-57.776386393607716,2.519934569407525
477,2,-1,-59.12790926638045,2.970850024468504
478,2,-1,-60.46218251941057,3.3851185438450386
479,2,-1,-61.79605542855636,3.7678014223186835
480,2,-1,-63.151123750907516,4.107351508273098
481,2,-1,-64.5494019201675,4.389914755650807
482,2,-1,-66.0177874509262,4.56518699264673
483,2,-1,-67.5876075088317,4.5516425870651736
484,2,-1,-69.28135376806472,4.290392517556967
485,2,-1,-71.11268816979891,3.731605282070774
486,2,-1,-73.09489191415427,2.8256234173707497
487,2,-1,-75.2376881582979,1.538973974355713
488,2,-1,-77.52531251246913,-0.08821558909859561
489,2,-1,-79.92744913788059,-1.992403809446941
490,2,-1,-82.41517827095677,-4.113988209306257
491,2,-1,-84.94760919367151,-6.3879754211837545
492,2,-1,-87.48878277094454,-8.733819412230417
493,2,-1,-90.0213189986835,-11.069456955440316
494,2,-1,-92.54901056821973,-13.373723368449504
497,7,-1,-93.26883688992349,6.421242656001141
498,7,-1,-93.74655135109563,6.070176535089317
499,7,-1,-94.43073319324104,5.535338760514677
500,7,-1,-95.28024538951163,4.868451295866038
501,7,-1,-96.22926820829842,4.126536041052816
502,7,-1,-97.20978291380936,3.363080663700714
448,7,-1,-6.283074546557161,-22.15056626718311
449,7,-1,-6.8685627417731805,-22.02150423451056
450,7,-1,-7.72774747787427,-21.868063047208235
451,7,-1,-8.832902643490417,-21.73332597515207
452,7,-1,-10.15703301743878,-21.633666673294428
453,7,-1,-11.674366030747514,-21.55933439353673
454,7,-1,-13.359182273236724,-21.49944254416947
455,7,-1,-15.185762334726366,-21.44310453348311
456,7,-1,-17.128386805036335,-21.37943376976817
457,7,-1,-19.161606107111073,-21.296998403850637
458,7,-1,-21.265521443404563,-21.170873111070975
459,7,-1,-23.42538095718342,-20.981924507150026
460,7,-1,-25.627856231112595,-20.735160749173218
461,7,-1,-27.859701074612413,-20.436755419345573
462,7,-1,-30.107669297103584,-20.092882099872114
463,7,-1,-32.35851470800653,-19.709714372957862
464,7,-1,-34.59745351011936,-19.289813491235094
465,7,-1,-36.81077994919512,-18.81456322327912
466,7,-1,-38.99386100081243,-18.28580736334868
467,7,-1,-41.143190929550315,-17.715656546043164
468,7,-1,-43.255263999987946,-17.116221405961994
469,7,-1,-45.327708699597736,-16.497271123650037
470,7,-1,-47.36328539643013,-15.845461595292278
471,7,-1,-49.36987029591309,-15.089972995325398
472,7,-1,-51.360687000353884,-14.18699989637747
473,7,-1,-53.339505178176196,-13.186036722650584
474,7,-1,-55.30646135292538,-12.152609307275627
475,7,-1,-57.26034691233432,-11.164901038874078
476,7,-1,-59.19892305109556,-10.286757237491258
477,7,-1,-61.11832409774491,-9.55462352279602
478,7,-1,-63.01520948786397,-8.984655255541085
479,7,-1,-64.88552808275209,-8.571709029928273
480,7,-1,-66.71392302807955,-8.323364522964823
481,7,-1,-68.49203570261689,-8.266761331439142
482,7,-1,-70.24411332058644,-8.409208373064246
483,7,-1,-72.00024952207781,-8.684140062054908
484,7,-1,-73.77976986054708,-8.977384466433861
485,7,-1,-75.57517529972031,-9.190256542104194
486,7,-1,-77.365170267645,-9.297385816852527
487,7,-1,-79.12800928812935,-9.326162143649995
488,7,-1,-80.85055840425865,-9.294057578225008
489,7,-1,-82.54022443948043,-9.225889610505874
490,7,-1,-84.2154953783862,-9.150720418117686
491,7,-1,-85.8798033035152,-9.072826183898103
492,7,-1,-87.52407298155794,-8.97719941268632
493,7,-1,-89.15030271630344,-8.870511458597392
494,7,-1,-90.76333208717402,-8.764308007755517
495,7,-1,-92.36633750345524,-8.65097662727409
496,7,-1,-93.9739888506218,-8.502812274609596
497,7,-1,-95.62311932863227,-8.317798343387537
498,7,-1,-97.3537061790771,-8.096913186299844
499,7,-1,-99.21022751601853,-7.862292259446846
500,7,-1,-101.24903527513965,-7.691231826618022
501,7,-1,-103.49766851000292,-7.638592599914447
502,7,-1,-105.91482400502535,-7.701733100953035
503,7,-1,-108.43649202490333,-7.85128669991009
504,7,-1,-111.004056448096,-8.068204751186812
505,7,-1,-113.55468068422014,-8.321468448808943
506,7,-1,-116.03418098159058,-8.543912117746501
507,7,-1,-118.41269838133537,-8.666818522357545
508,7,-1,-120.6730471718131,-8.665512712632776
509,7,-1,-122.79365305694024,-8.54556258705793
510,7,-1,-124.7655670111279,-8.282380131576161
511,7,-1,-126.60137296294306,-7.864454567709245
512,7,-1,-128.33831463360798,-7.391411284225896
513,7,-1,-130.0252950092832,-7.003187606757734
514,7,-1,-131.71145806398437,-6.8371990050854095
515,7,-1,-133.446404588336,-7.002334945799902
516,7,-1,-135.27179031161927,-7.550677515466532
517,7,-1,-137.19717423447048,-8.420717832660486
518,7,-1,-139.2040280938959,-9.478903434816928
519,7,-1,-141.2650185896749,-10.582613322347854
520,7,-1,-143.35247164103367,-11.64665323216822
521,7,-1,-145.44136518113217,-12.620273324445165
522,7,-1,-147.52302213374787,-13.54061327520101
523,2,-1,-146.63009279043,-0.3288030253565779
524,2,-1,-147.57691992054393,-0.657165946386499
525,2,-1,-149.0270239574036,-1.2185918373014033
526,2,-1,-150.96559162840825,-2.0069946761601325
527,2,-1,-153.3270084161518,-3.0026782038435442
528,2,-1,-156.00784006350167,-4.163906727953531
529,2,-1,-158.89211468100663,-5.426045793449305
530,2,-1,-161.84810980544827,-6.706093641539454
531,2,-1,-164.72317155400356,-7.926938550609974
532,2,-1,-167.39531359378816,-8.994558411089557
533,2,-1,-169.77135329086235,-9.840474802272254
534,2,-1,-171.77619648890035,-10.487944876504384
535,2,-1,-173.35158453784027,-11.025941816325345
536,2,-1,-174.45674654613697,-11.546544636306663
537,2,-1,-175.06875485148942,-12.083019020283814
538,2,-1,-175.1943645007158,-12.638225864370028
539,2,-1,-174.86907811240965,-13.209914711666713
540,2,-1,-174.15265307390666,-13.834285543445944
541,2,-1,-173.13074360472623,-14.586699904683229
542,2,-1,-171.91271629990567,-15.483169103346967
543,2,-1,-170.5974582323755,-16.529486646975343
544,2,-1,-169.2519285008466,-17.68267835723726
545,2,-1,-168.56029791921827,-18.283105404838654
546,2,-1,-168.52571639013684,-18.313126757218726
547,2,-1,-168.49113486105543,-18.343148109598793
548,2,-1,-168.45655333197402,-18.37316946197886
549,2,-1,-168.42197180289259,-18.403190814358933
550,2,-1,-168.3873902738112,-18.433212166739
551,2,-1,-168.3528087447298,-18.463233519119072
552,2,-1,-168.31822721564836,-18.49325487149914
553,2,-1,-168.28364568656696,-18.52327622387921
554,2,-1,-168.24906415748552,-18.55329757625928
555,2,-1,-168.2144826284041,-18.583318928639347
556,2,-1,-168.1799010993227,-18.61334028101942
557,2,-1,-168.14531957024127,-18.643361633399486
558,2,-1,-168.11073804115986,-18.673382985779558
559,2,-1,-168.07615651207843,-18.703404338159626
560,2,-1,-168.04157498299702,-18.733425690539697
561,2,-1,-168.0069934539156,-18.763447042919765
562,2,-1,-167.97241192483418,-18.793468395299836
563,2,-1,-167.93783039575277,-18.823489747679904
564,2,-1,-167.90324886667136,-18.853511100059976
565,2,-1,-167.86358181860737,-18.88794735720182
566,2,-1,-167.78424772247942,-18.95681987148551
567,2,-1,-167.70491362635147,-19.025692385769194
568,2,-1,-167.62557953022352,-19.094564900052887
569,2,-1,-167.5462454340956,-19.163437414336574
570,2,-1,-167.46691133796764,-19.232309928620264
571,2,-1,-167.38757724183967,-19.30118244290395
572,2,-1,-167.3082431457117,-19.37005495718764
573,2,-1,-167.22890904958376,-19.43892747147133
574,2,-1,-167.1867628110158,-19.47551599468454
575,2,-1,-167.10247033387984,-19.54869304111096
576,2,-1,-167.0181778567439,-19.62187008753738
577,2,-1,-166.93388537960794,-19.695047133963797
578,2,-1,-166.84959290247195,-19.768224180390217
579,2,-1,-166.76530042533605,-19.841401226816636
580,2,-1,-166.68100794820006,-19.914578273243055
581,2,-1,-166.5967154710641,-19.987755319669475
582,2,-1,-166.55456923249616,-20.024343842882686
583,2,-1,-165.54305950686478,-20.90246839999972
584,2,-1,-165.205889598321,-21.195176585705397
585,2,-1,-164.93615367148595,-21.429343134269935
586,2,-1,-164.6664177446509,-21.66350968283448
