1,3,-1,-179.88698211829012,0.47278270467744227
2,3,-1,-179.56623855884382,0.357124794706813
3,3,-1,-179.43596569795548,0.30561863365451813
4,3,-1,-178.73403583144292,0.0028379724490861236
5,3,-1,-177.83099017794373,-0.38373073012489556
6,3,-1,-177.05407540481795,-0.6871576936850801
7,3,-1,-176.785959105114,-0.7870615645606307
8,3,-1,-175.6658792961153,-1.1782618864810956
9,3,-1,-174.9074139804488,-1.43491434597883
10,3,-1,-174.52793547695683,-1.563002056939851
11,9,-1,-158.3700901085504,3.819663995025508
12,9,-1,-157.64157415956603,3.676936424157873
13,9,-1,-156.45379781309757,3.4293494175351493
14,9,-1,-155.28777267361116,3.207971996918104
15,9,-1,-154.86936933224095,3.1326788859814343
16,9,-1,-152.97658571038076,2.8540226699963966
17,9,-1,-151.68031576021244,2.717975685282074
18,9,-1,-151.14697961613254,2.6717470116347464
19,9,-1,-150.88031154409256,2.6486326748110827
20,9,-1,-148.6776865478215,2.5220979021411836
21,9,-1,-146.96735898080414,2.4665093507599494
22,9,-1,-146.38980709556944,2.4526516729635404
23,9,-1,-144.01783787849033,2.4392645287503427
24,9,-1,-141.5697659091464,2.481752569978667
25,9,-1,-140.31355954292067,2.5250356266866163
26,9,-1,-139.0342000419372,2.5777675454713744
27,9,-1,-136.41156172019922,2.67577336530465
28,9,-1,-133.74851536592774,2.7091507204426644
29,9,-1,-131.09065877994186,2.6748509801085874
30,9,-1,-129.7655171838502,2.639415422794613
31,9,-1,-127.11989454169911,2.5460388470627464
28,9,-1,35.6295644191514,-11.533741447087124
29,9,-1,35.58139925670381,-11.539581935609462
30,9,-1,35.54612525111267,-11.553744920794458
31,9,-1,35.45884099035282,-11.613062981027385
32,9,-1,35.35930100760044,-11.723794488788458
33,9,-1,35.305788167521214,-11.799066768540214
34,9,-1,35.192444227144634,-11.985628063138691
35,9,-1,35.13562511544242,-12.098889058383506
36,9,-1,35.029185995110964,-12.36336211308472
37,9,-1,34.97862933494623,-12.505943449497565
39,2,-1,-106.59850169461414,-1.5957072128405088
40,2,-1,-105.89843446836076,-1.530811253039392
41,2,-1,-105.56185200182028,-1.4962060559220551
42,2,-1,-105.39356076855003,-1.4789034573633868
43,2,-1,-104.58706519846359,-1.3876526168089922
44,2,-1,-102.60660054934736,-1.1638458813891646
45,2,-1,-101.45229375751983,-1.0592019325802795
46,2,-1,-100.20710715257997,-0.9730852369357591
47,2,-1,-97.5161590603148,-0.8699544155544032
48,2,-1,-96.81031176187746,-0.8646254437081923
49,2,-1,-96.10446446344012,-0.8592964718619811
50,2,-1,-94.66816822074765,-0.8819526117653851
51,2,-1,-91.75807563569573,-1.0525457245425542
52,2,-1,-90.2916954731909,-1.201505510420759
53,2,-1,-88.81958446474815,-1.3890468301404297
54,2,-1,-87.34268355121523,-1.6042371448924797
55,2,-1,-84.39292543973768,-2.0633490155912995
56,2,-1,-82.92290671201987,-2.290434354730991
57,2,-1,-79.98408800237681,-2.7428898145278424
57,2,-1,-103.0205931946942,2.2872955757049738
58,2,-1,-102.9838776500475,2.2285545019744717
59,2,-1,-102.93396167073489,2.15036391296735
60,2,-1,-102.87744642470821,2.0677633601479215
61,2,-1,-102.82376356073352,1.9835593605097155
62,2,-1,-102.78288260169775,1.884759944077416
63,2,-1,-102.75987300215931,1.7735161198273488
64,2,-1,-102.74989878915976,1.6743444753564347
65,2,-1,-102.75036440421408,1.5985925316804381
66,2,-1,-102.75743406497793,1.5469203114934373
67,2,-1,-102.76191180366762,1.508527170816393
68,2,-1,-102.75645222394685,1.479489159795449
69,2,-1,-102.74201638287676,1.462536823957933
70,2,-1,-102.72758660247827,1.4683714893917568
71,2,-1,-102.7205347176377,1.5104690245539132
72,2,-1,-102.71972375230953,1.5846576562571357
73,2,-1,-102.71717261520949,1.67178274067048
74,2,-1,-102.70434196825623,1.7583700653201362
75,2,-1,-102.69476716498944,1.8559992529020661
76,2,-1,-102.70602244559761,1.9575827881664338
77,2,-1,-102.75087508714215,2.0477921897115436
78,2,-1,-102.84223763162599,2.1227616706340484
79,2,-1,-102.96869887226467,2.1758516390156477
80,2,-1,-103.11590374581581,2.1817189049449865
81,2,-1,-103.1956189112293,2.1637872522836403
82,2,-1,-103.36000590625399,2.080471166827195
83,2,-1,-103.5232324986857,1.8963142547472245
84,2,-1,-103.6013394904911,1.7594951178491984
85,2,-1,-103.7423336983328,1.409060189634019
86,2,-1,-103.80055762987251,1.2014552339939257
87,2,-1,-103.84891203147464,0.9774325394364068
88,8,-1,-5.282967999633659,-12.499184775227905
89,8,-1,-5.487173106439025,-12.468884925209878
90,8,-1,-5.916620055849886,-12.400830353787
91,8,-1,-6.285451042391995,-12.346162065457834
92,8,-1,-6.46986653566305,-12.318827921293249
93,8,-1,-7.95039905129455,-12.147607214392979
94,8,-1,-8.136120354938033,-12.133226333641659
95,8,-1,-8.507562962225002,-12.10446457213902
96,8,-1,-8.879005569511971,-12.075702810636384
97,8,-1,-9.933209127755537,-12.023349876947236
98,8,-1,-12.399946708530265,-11.979764916059352
99,8,-1,-13.332419346808658,-11.977875453080406
100,8,-1,-13.798655665947853,-11.976930721590932
101,8,-1,-16.880087963222927,-11.98447441498135
102,8,-1,-18.97596585597239,-11.990037334549951
103,8,-1,-19.841767020776988,-11.991571801238354
104,8,-1,-20.27466760317929,-11.992339034582557
105,8,-1,-23.909394854617315,-11.978971719385498
106,8,-1,-26.27509079831147,-11.951436919250456
107,8,-1,-27.23553514257511,-11.93708022103624
108,8,-1,-27.715757314706924,-11.929901871929133
109,8,-1,-31.648185411809816,-11.863218402329238
110,8,-1,-34.06232938836951,-11.828513794159393
111,8,-1,-34.8755395629563,-11.819770072883529
112,8,-1,-35.688749737543084,-11.811026351607666
113,8,-1,-37.74547366997634,-11.802958653412887
114,8,-1,-40.521537238715865,-11.82316544688769
115,8,-1,-41.91887748549035,-11.843551347334383
116,8,-1,-44.032510042462604,-11.893645485032337
117,8,-1,-48.303239381357315,-12.021072176669506
118,8,-1,-50.99770224012439,-12.077175889551643
119,8,-1,-52.07918499329655,-12.087561515978843
120,8,-1,-52.619926369882634,-12.092754329192445
121,8,-1,-56.92794982431462,-12.0130952953334
122,8,-1,-58.341938592049615,-11.946037396516065
123,8,-1,-59.04893297591712,-11.912508447107399
124,8,-1,-63.180072582379225,-11.622200629233078
125,8,-1,-65.50173252969498,-11.424444321792993
126,8,-1,-66.15010798249733,-11.367372763231195
127,8,-1,-66.7984834352997,-11.310301204669399
128,8,-1,-67.12267116170088,-11.2817654253885
129,8,-1,-70.8357621744742,-10.970508282648808
130,8,-1,-72.00811457926193,-10.886214725247111
131,8,-1,-72.5942907816558,-10.844067946546263
132,8,-1,-75.90401274649385,-10.661585292996705
133,8,-1,-78.93683306936647,-10.569619037391092
134,8,-1,-81.72309755049348,-10.530510138643452
135,8,-1,-84.31558298162007,-10.51430500321463
136,8,-1,-86.77163951728551,-10.502970884125418
137,8,-1,-89.14682668799088,-10.48325943458606
138,8,-1,-91.48320091446925,-10.450612746547959
139,8,-1,-93.81404235550552,-10.394984998171822
140,8,-1,-96.17231809831917,-10.305886279300905
141,8,-1,-98.58861655907164,-10.173316613624266
142,8,-1,-100.23939104716261,-10.061197416290616
143,8,-1,-101.0725192860636,-10.002115230315027
144,8,-1,-102.33539164372668,-9.912396207175389
145,8,-1,-104.89146839538975,-9.749468650132542
146,8,-1,-105.7505353375239,-9.707262201452107
147,8,-1,-106.18006880859097,-9.686158977111887
148,8,-1,-108.76700919765455,-9.61844271044346
149,8,-1,-111.35662500910917,-9.609697912318154
134,13,-1,100.8927003609424,-12.389295047936029
135,13,-1,100.81510949801454,-12.238554520149535
136,13,-1,100.69277950479257,-12.031183889137566
137,13,-1,100.53621906350052,-11.792308417001578
138,13,-1,100.35894776365991,-11.536231942851872
139,13,-1,100.17085071104917,-11.26603295111947
140,13,-1,99.96961990169204,-10.98051784492668
141,13,-1,99.7442590389848,-10.675210798275787
142,13,-1,99.57480465605718,-10.458967341408691
143,13,-1,99.48585573296732,-10.348623542645385
144,13,-1,99.34471169824602,-10.179218810600858
145,13,-1,99.04254447386978,-9.830549822592332
146,13,-1,98.9366276832171,-9.710827976389215
147,13,-1,98.88366928789075,-9.650967053287658
148,13,-1,98.5620445353975,-9.255960029009714
149,13,-1,98.2541591436169,-8.76666260466594
150,13,-1,97.98310646062953,-8.138874468004573
151,13,-1,97.78038262228362,-7.3952903590025585
152,13,-1,97.7771248368978,-7.374576417740428
153,13,-1,97.77386705151197,-7.353862476478297
154,13,-1,97.77060926612614,-7.333148535216166
155,13,-1,97.76735148074032,-7.312434593954034
156,13,-1,97.76409369535449,-7.291720652691904
157,13,-1,97.76083590996866,-7.271006711429773
158,13,-1,97.75757812458285,-7.2502927701676425
159,13,-1,97.75432033919702,-7.2295788289055105
160,13,-1,97.7510625538112,-7.208864887643379
161,13,-1,97.74780476842537,-7.188150946381248
162,13,-1,97.74454698303954,-7.167437005119117
163,13,-1,97.74128919765371,-7.146723063856987
164,13,-1,97.73803141226789,-7.126009122594855
165,13,-1,97.73477362688206,-7.105295181332725
166,13,-1,97.73151584149623,-7.084581240070593
167,13,-1,97.7282580561104,-7.0638672988084625
168,13,-1,97.72500027072458,-7.043153357546331
169,13,-1,97.72174248533877,-7.022439416284199
170,13,-1,97.71848469995294,-7.001725475022069
171,13,-1,97.71685580726002,-6.991368504391004
172,13,-1,97.69731894426491,-6.780316542589737
173,13,-1,97.67778208126978,-6.56926458078847
174,13,-1,97.65908592947403,-6.132008933026782
175,13,-1,97.65788888325396,-5.907320419482282
176,13,-1,97.65669183703386,-5.682631905937782
177,13,-1,97.6588768263842,-5.580750114474561
178,13,-1,97.66106181573453,-5.478868323011339
179,13,-1,97.66324680508485,-5.376986531548117
180,13,-1,97.66543179443521,-5.275104740084895
181,13,-1,97.66652428911037,-5.224163844353284
182,13,-1,97.67551602998753,-4.991899468729209
183,13,-1,97.68450777086467,-4.759635093105132
184,13,-1,97.70656676745787,-4.292075997025151
185,13,-1,97.72930501652422,-3.824011843473201
171,5,-1,151.77966842896907,-3.454996532289556
172,5,-1,151.72146305282965,-3.5109343417963785
173,5,-1,151.66325767669022,-3.566872151303201
174,5,-1,151.50229892930753,-3.7445285740064667
175,5,-1,151.40086041047985,-3.860806259360359
176,5,-1,151.29942189165217,-3.977083944714253
177,5,-1,151.2460719006818,-4.037936107306198
178,5,-1,151.19272190971142,-4.098788269898143
179,5,-1,151.13937191874106,-4.159640432490089
180,5,-1,151.0860219277707,-4.2204925950820344
181,5,-1,151.05934693228548,-4.2509186763780065
182,5,-1,150.9237316746368,-4.403529558254434
183,5,-1,150.7881164169881,-4.556140440130861
184,5,-1,150.4919858665505,-4.8840333580452855
185,5,-1,150.17721080176315,-5.225881552193754
186,5,-1,149.5150177014539,-5.913756698025935
187,5,-1,149.17691217376003,-6.241208502798202
188,5,-1,148.50934194630437,-6.838014114965304
189,5,-1,147.88995641859074,-7.335035221085989
190,5,-1,147.61471192178317,-7.542497590267587
191,5,-1,147.17672644503668,-7.868458183336415
192,5,-1,146.92660352070217,-8.071438629351249
193,5,-1,146.8480453968108,-8.158175079758209
194,5,-1,146.88450394777004,-8.161390016371215
195,5,-1,146.98990182927068,-8.132385325930441
196,5,-1,147.13555073361186,-8.118256971528268
197,5,-1,147.31899390101273,-8.131170750300058
198,5,-1,147.568385051485,-8.156934588391477
199,5,-1,147.86639296788056,-8.177397064266074
200,5,-1,148.15232371309378,-8.200498146836608
201,5,-1,148.38557298436697,-8.216030350692463
202,5,-1,148.557505677195,-8.174029901648622
203,5,-1,148.67324001534288,-8.038019235673673
204,5,-1,148.74643735405732,-7.816758074339404
205,5,-1,148.7887397052564,-7.525404013485028
206,5,-1,148.81236383838407,-7.185999034697388
207,5,-1,148.8252756104474,-6.840404912811395
211,12,-1,-121.5624976705201,-8.964795192935583
212,12,-1,-122.0400002616971,-9.015518602122128
213,12,-1,-122.60250550803174,-9.09490472034814
214,12,-1,-123.15594969193971,-9.20041420839033
215,12,-1,-123.64612423954017,-9.32259498083863
216,12,-1,-124.05250846232823,-9.444003041080776
217,12,-1,-124.37118195964874,-9.544635946676038
218,12,-1,-124.60030479207822,-9.615986539824036
219,12,-1,-124.75133908727177,-9.661782354979465
220,12,-1,-124.84925999215943,-9.697574516806412
221,12,-1,-124.92820204258389,-9.734925534691385
222,12,-1,-125.0064233238535,-9.772399590319921
223,12,-1,-125.04553396448827,-9.791136618134187
221,3,-1,4.552943939179709,-1.8936905130826176
222,3,-1,4.588792060367787,-1.8153134140302993
223,3,-1,4.615882035124186,-1.7435120926667338
224,3,-1,4.647726750907547,-1.6570545402832835
225,3,-1,4.718576557896695,-1.4689293107452102
226,3,-1,4.742689468961439,-1.406895140963267
227,3,-1,4.754745924493812,-1.3758780560722952
228,3,-1,4.827581503653687,-1.215172753279333
229,3,-1,4.8636840846875895,-1.1507235118492076
230,3,-1,4.933149688809559,-1.0507569774282501
240,2,-1,-41.06409667587785,-7.291103635532153
241,2,-1,-40.94396494804254,-7.399377021384055
242,2,-1,-40.920762086312735,-7.420201339215522
243,2,-1,-40.89755922458293,-7.441025657046989
244,2,-1,-40.87435636285312,-7.461849974878456
245,2,-1,-40.86275493198822,-7.47226213379419
246,2,-1,-40.65419384284244,-7.6655541296991885
247,2,-1,-40.411404162639656,-7.883425557752247
248,2,-1,-40.32641779433002,-7.951788499009439
249,2,-1,-40.2839246101752,-7.985969969638035
250,2,-1,-40.02089173620339,-8.165948498965362
251,2,-1,-39.7409000653967,-8.314940898863341
252,2,-1,-39.58339076535092,-8.384226444517523
253,2,-1,-39.406870472203806,-8.452885142523655
254,2,-1,-39.001431997625915,-8.579403359409241
255,2,-1,-38.69559680566174,-8.653688951782765
256,2,-1,-38.53561443083586,-8.689552001499521
257,2,-1,-38.279922697999396,-8.743581954675946
258,2,-1,-38.006323762636775,-8.800835657471167
259,2,-1,-37.39871856905419,-8.936292628735629
260,2,-1,-36.72552968591289,-9.112783917465109
261,2,-1,-36.37724316729472,-9.218059464192962
262,2,-1,-36.02822584810094,-9.338503459828985
263,2,-1,-35.34817919214488,-9.642944391759757
264,2,-1,-35.02724004746195,-9.835965125021602
265,2,-1,-34.72408243078347,-10.061601933513785
266,2,-1,-34.15622682629971,-10.61536221482912
267,2,-1,-33.60615708429156,-11.292655910389286
268,2,-1,-33.258173471216246,-11.764784441404167
269,2,-1,-33.11809639514632,-11.959774403151508
270,2,-1,-33.04805785711135,-12.057269384025176
250,2,-1,-34.41539511898743,3.6288976397535464
251,2,-1,-34.48474858837721,3.3494346222591385
252,2,-1,-34.53785195377387,3.116928113805003
253,2,-1,-34.602687968894664,2.8301960524587173
254,2,-1,-34.763831445665055,2.116257798701767
255,2,-1,-34.8924257751287,1.5507768854688826
256,2,-1,-34.9607260134007,1.2520249162123918
257,2,-1,-35.07025089222801,0.777424568950579
258,2,-1,-35.18594214879992,0.28177844562721077
259,2,-1,-35.43259041424332,-0.7530529079296714
260,2,-1,-35.6943214577934,-1.81389277484665
261,2,-1,-35.82886618699876,-2.342049539870146
262,2,-1,-35.964809409499125,-2.86228880009962
263,2,-1,-36.237728399409384,-3.8597886286644894
264,2,-1,-36.37312269933141,-4.32743610824386
265,2,-1,-36.50675255757291,-4.767939905517153
266,2,-1,-36.76536114205406,-5.557649650265205
267,2,-1,-37.006768919574725,-6.243930126068945
268,2,-1,-37.146098899823656,-6.642061316944904
269,2,-1,-37.19939113689621,-6.798547006544936
270,2,-1,-37.22603725543249,-6.876789851344952
271,2,-1,-37.41831664762645,-7.48912080152337
272,2,-1,-37.57893254066239,-8.089900089579203
277,13,-1,-34.46025998119285,-9.23059684397127
278,13,-1,-34.441340231177676,-9.073590136842197
279,13,-1,-34.42178483520911,-8.838774668861262
280,13,-1,-34.41403045264662,-8.610985690525297
281,13,-1,-34.423403705418366,-8.514785541079547
282,13,-1,-34.462893422587385,-8.417483522178282
283,13,-1,-34.492595486792084,-8.379296637147393
284,13,-1,-34.55882593632965,-8.342057664472863
285,13,-1,-34.743051448027344,-8.321291293481679
286,13,-1,-34.865397132286205,-8.343995401702182
287,13,-1,-34.91236493834358,-8.359416986919378
288,13,-1,-34.93584884137227,-8.367127779527976
289,13,-1,-35.09336803541661,-8.470597513847549
290,13,-1,-35.18659015145613,-8.619838300401755
291,13,-1,-35.187887167090885,-8.802319773967284
292,13,-1,-35.09476231255703,-8.994378465025592
293,13,-1,-34.94433149432752,-9.159577480120106
294,13,-1,-34.85902963435855,-9.215667560050889
295,13,-1,-34.76698120742689,-9.249527287114036
296,13,-1,-34.556515822969565,-9.24715070238824
297,13,-1,-34.30093326002383,-9.146437840123113
298,13,-1,-33.998935408819094,-8.95386985803498
299,13,-1,-33.68629801803528,-8.676491603684582
300,13,-1,-33.54562026783002,-8.524714351113403
301,13,-1,-33.42135660036132,-8.380124960624556
302,13,-1,-33.22272801864138,-8.146192132325622
303,13,-1,-33.14176636490111,-8.06574185003727
304,13,-1,-32.990339775919395,-7.971663628223796
305,13,-1,-32.83539756017256,-7.906943896490461
306,13,-1,-32.78639203463006,-7.883603940662117
307,13,-1,-32.76188927185881,-7.871933962747945
308,13,-1,-32.660967839904934,-7.810539046760624
309,13,-1,-32.64703282906081,-7.78102602597393
310,13,-1,-32.680659108226024,-7.764314333857342
311,13,-1,-32.70226153028931,-7.769050587268225
312,13,-1,-32.6787169581386,-7.823075783393548
313,13,-1,-32.655933718354966,-7.8775878567406625
314,13,-1,-32.61487010543847,-8.034827604424422
315,13,-1,-32.61455907497727,-8.238414347416338
316,13,-1,-32.695544810953955,-8.461383143188712
317,13,-1,-32.89343089219374,-8.671207865081485
318,13,-1,-32.96940131833092,-8.713223632045967
319,13,-1,-33.04537174446808,-8.75523939901045
320,13,-1,-33.241150271507095,-8.818858230594769
321,13,-1,-33.756806649043,-8.898024078613005
322,13,-1,-34.05680184878849,-8.923637537088597
323,13,-1,-34.68699370802187,-8.968912187150408
324,13,-1,-34.843709419119634,-8.980566499684121
325,13,-1,-35.000425130217394,-8.992220812217838
326,13,-1,-35.30540135374093,-9.016999148698588
327,13,-1,-35.59890379011038,-9.045166339800446
328,13,-1,-36.14479256083638,-9.117863838913507
329,13,-1,-36.393083141272335,-9.1597504926591
330,13,-1,-36.82968328807571,-9.24579368200564
331,13,-1,-36.95237675786354,-9.272883125333538
332,13,-1,-37.01372349275746,-9.286427846997483
333,13,-1,-37.303153814023624,-9.352398259025547
334,13,-1,-37.40576975313693,-9.372081505069147
335,13,-1,-37.53480488063943,-9.367905915203766
336,13,-1,-37.5851761796267,-9.295851591255214
337,13,-1,-37.590069482432995,-9.247154765681728
338,13,-1,-37.586391209853666,-9.199140130870248
339,13,-1,-37.57785885369332,-9.158654161691887
340,13,-1,-37.5682590947981,-9.132602519167563
341,13,-1,-37.56212436430934,-9.152926323148776
342,13,-1,-37.572689312809665,-9.214140158919179
333,13,-1,103.06260831178514,-7.225029148192547
334,13,-1,103.02821611940617,-7.173352539396789
335,13,-1,102.94934949939035,-6.977222061524273
336,13,-1,102.86645550133663,-6.716677981529685
337,13,-1,102.81488979075226,-6.586529906548109
338,13,-1,102.7515631521834,-6.469425313910975
339,13,-1,102.67271424542042,-6.375084832868752
340,13,-1,102.57545278632207,-6.31217072535469
341,13,-1,102.33037741866285,-6.2907292382736415
342,13,-1,102.187471290055,-6.329937564931313
343,13,-1,101.86691829229173,-6.50154829476844
344,13,-1,101.68511515464635,-6.6323022843471895
345,13,-1,101.48562984566145,-6.792010022491155
346,13,-1,101.18518252987016,-7.051691919146105
347,13,-1,101.02361947718198,-7.195250740850014
348,13,-1,100.75706026147438,-7.436863557517185
349,13,-1,100.46860041013105,-7.701981148712676
350,13,-1,100.16151638622418,-7.987431543118105
351,13,-1,99.83908465282592,-8.290042769415123
352,13,-1,99.50458167300839,-8.606642856285362
358,13,-1,100.88222080514292,-9.480197062182242
359,13,-1,100.94146980758067,-9.461276364313719
360,13,-1,101.13221326238603,-9.38753738384841
361,13,-1,101.3722703784415,-9.277442739201774
362,13,-1,101.49248499907958,-9.210480154651123
363,13,-1,101.71396499238845,-9.072080915776823
364,13,-1,101.80793230923449,-9.008800081575844
365,13,-1,101.94407644374779,-8.91446553395292
366,13,-1,101.987185603368,-8.88942376048543
367,13,-1,101.9668479929742,-8.90779786704887
368,13,-1,101.83974222617583,-8.992534701677187
369,13,-1,101.73844687687347,-9.047667443360723
370,13,-1,101.61862176365099,-9.109984524359035
371,13,-1,101.34703169347162,-9.261278640270177
372,13,-1,101.20709146052768,-9.352809143168102
373,13,-1,100.94848240896366,-9.574020708811432
374,13,-1,100.84163831435654,-9.706255239541917
375,13,-1,100.74092508484307,-9.89609859444371
376,13,-1,100.70961989289326,-9.978768700335866
377,13,-1,100.69396729691834,-10.020103753281944
378,13,-1,100.65382020246439,-10.19860876964313
379,13,-1,100.6360131007224,-10.391302312092805
380,13,-1,100.66666838005175,-10.829520753269719
381,13,-1,100.7838668996368,-11.355403472086136
382,13,-1,100.82742779563013,-11.506864829677562
383,13,-1,100.87098869162342,-11.658326187268985
384,13,-1,101.08542470272651,-12.350159822549998
385,13,-1,101.33181869417896,-13.13123194993787
336,13,-1,-37.085320992572804,-7.546667656117051
337,13,-1,-36.95097973922353,-7.518712804680305
338,13,-1,-36.77859731775652,-7.4864054556932444
339,13,-1,-36.56837895644685,-7.454199593736973
340,13,-1,-36.3205298835695,-7.426549203392611
341,13,-1,-35.72020178272242,-7.39473473307828
342,13,-1,-35.37900483781608,-7.390117693126797
343,13,-1,-34.648330347132756,-7.398775481178362
344,13,-1,-34.27437702449412,-7.404634346283756
345,13,-1,-33.908073006664274,-7.406371648909058
346,13,-1,-33.45351069194749,-7.398877743517702
347,13,-1,-33.23999822212089,-7.39340739536958
348,13,-1,-32.95436044177612,-7.3860042364623695
349,13,-1,-32.704079192644286,-7.382367016920924
350,13,-1,-32.48749942290077,-7.382966759193066
351,13,-1,-32.30591537265061,-7.388445258479933
352,13,-1,-32.16378972822894,-7.398373918601621
353,13,-1,-32.01994395916298,-7.432374575238185
354,13,-1,-32.02830789155832,-7.45796391489651
355,13,-1,-32.19527424583817,-7.533403643649095
356,13,-1,-32.408560779076765,-7.597292845830708
357,13,-1,-32.48536708321104,-7.617727605103894
358,13,-1,-32.79657703088586,-7.685463615779495
359,13,-1,-32.93903273335365,-7.7108638432531365
360,13,-1,-33.18357088678204,-7.750189670353152
361,13,-1,-33.36634872470248,-7.7831536239070545
362,13,-1,-33.43175285102887,-7.800513703605958
363,13,-1,-33.50494216977766,-7.843517679851146
364,13,-1,-33.510467622745324,-7.871772620798822
365,13,-1,-33.46027306933908,-7.939329272672055
366,13,-1,-33.364737332025015,-7.9944065358599925
367,13,-1,-33.32449447873243,-8.009992394406893
368,13,-1,-33.29549293431766,-8.00686362564329
369,13,-1,-33.31723768143542,-7.983848542025541
370,13,-1,-33.368744657997205,-7.944728939209484
371,13,-1,-33.55257358834167,-7.8318965378077925
372,13,-1,-33.67855407316968,-7.766638296880572
373,13,-1,-33.96927058849817,-7.63744570877914
374,13,-1,-34.11194234737673,-7.581829284082148
375,13,-1,-34.271981572661616,-7.5378018799306545
376,13,-1,-34.33048555362901,-7.528815026062701
377,13,-1,-34.359737544112704,-7.524321599128726
378,13,-1,-34.46268572463951,-7.5282398873238625
379,13,-1,-34.55307201914742,-7.556118682449394
380,13,-1,-34.70388107549694,-7.695100527750611
381,13,-1,-34.8263399890675,-7.962085149470156
382,13,-1,-34.85066144878579,-8.050163765297158
383,13,-1,-34.874982908504094,-8.13824238112416
384,13,-1,-34.9441932654338,-8.517199203701551
385,13,-1,-34.99334686367424,-8.874547072024185
386,13,-1,-35.02882702670045,-9.184230804718284
387,13,-1,-35.0365409127924,-9.440790012229227
388,13,-1,-35.01016790081363,-9.626498242552117
389,13,-1,-34.954882195947135,-9.702942180674256
390,13,-1,-34.87711332008632,-9.671674149800296
384,13,-1,105.52780945022403,-4.903591882061221
385,13,-1,105.7191784717037,-4.959463589242234
386,13,-1,105.97826948641719,-5.028143340127911
387,13,-1,106.28250002453964,-5.092848271260564
388,13,-1,106.60995440408506,-5.155501275007936
389,13,-1,106.93888364002711,-5.2227016826941215
390,13,-1,107.24812362856744,-5.302617637362701
391,13,-1,107.52695214688335,-5.433629985345462
392,13,-1,107.70424082114566,-5.572657205020156
393,13,-1,107.75805854805118,-5.620296994256294
394,13,-1,107.90658656531382,-5.771378354557683
395,13,-1,107.92547157193248,-5.807779309466041
396,13,-1,107.77485470622894,-5.6869764957746725
397,13,-1,107.4683435271534,-5.397821894465594
398,13,-1,107.26755015557623,-5.1882444242318115
399,13,-1,106.79119261557042,-4.6278935129079315
400,13,-1,106.24102028616475,-3.8413164700217663
401,13,-1,105.64112237223003,-2.8255426856214285
402,13,-1,105.0176364472146,-1.6411724657941418
403,13,-1,104.3830731319716,-0.3380052963450595
404,13,-1,103.73918891003167,1.042497176710583
405,13,-1,103.4145179902003,1.7480038357444698
451,3,-1,-76.03043892858305,0.6432348545711051
452,3,-1,-75.94579006259438,0.6473627196761527
453,3,-1,-75.83311597380441,0.6578480463844015
454,3,-1,-75.71913414410392,0.6687428206597588
455,3,-1,-75.60515231440343,0.6796375949351159
466,12,-1,-32.20203096543862,8.947255161732985
467,12,-1,-32.12741480101572,8.74009307522114
468,12,-1,-32.00543451295768,8.369522874231507
469,12,-1,-31.839746784972924,7.88825170255025
470,12,-1,-31.6552311100127,7.353279826500184
471,12,-1,-31.47152704357282,6.81046903211147
472,12,-1,-31.287822977132937,6.267658237722755
407,1,-1,-105.22168748740067,1.7205318040090987
408,1,-1,-106.60167753787405,2.4453051328695494
409,1,-1,-108.54046956294567,3.5688819788509107
410,1,-1,-110.89726800748703,4.986143592610063
411,1,-1,-113.54736509365543,6.6150396348348295
412,1,-1,-116.37519970856586,8.39861123984548
413,1,-1,-119.29186926453015,10.26508415622223
414,1,-1,-122.22867714132707,12.1125983378504
415,1,-1,-125.12732010660032,13.783408504508557
416,1,-1,-127.97351204759518,15.165777526837147
417,1,-1,-130.80378841969542,16.22322790775928
418,1,-1,-133.67888508458114,16.920349682010908
419,1,-1,-136.67050132242645,17.248307428330875
420,1,-1,-139.85648406712028,17.256470653369078
421,1,-1,-143.30206447094434,16.983564696178902
422,1,-1,-147.06894352840317,16.460261708191354
423,1,-1,-151.20421979168066,15.70939673624109
424,1,-1,-155.67560224592904,14.715495764113426
425,1,-1,-160.37627829786163,13.470005024976473
426,1,-1,-165.18358991342342,12.02649205414147
427,1,-1,-169.99002878817834,10.470278175638725
428,1,-1,-174.7053512888594,8.882725190960002
429,1,-1,-179.2758514319303,7.341243181007357
430,1,-1,176.29941086213543,5.8720890784357636
431,1,-1,171.96482500533753,4.517710561388299
432,1,-1,167.66141126991965,3.320206333578156
433,1,-1,163.36840770802718,2.2961865444184326
434,1,-1,159.09650608351905,1.4711934485733025
435,1,-1,154.8704388315209,0.8382579561377668
436,1,-1,150.7124589269951,0.4117003225107396
437,1,-1,146.6256672843039,0.21342769461696773
438,1,-1,142.59118390315723,0.24359204327573988
439,1,-1,138.60372208159464,0.46463987151339836
440,1,-1,134.66739819021984,0.80636272621922
441,1,-1,130.77427086933827,1.2660807746175067
442,1,-1,126.92905906176789,1.830956068352933
443,1,-1,123.12941225940435,2.4384984930455573
444,1,-1,119.38160378344739,3.03992867710339
445,1,-1,115.73966271890382,3.562431052606726
446,1,-1,112.24033607573142,3.965149339258957
447,1,-1,108.88185398904257,4.264910179358567
448,1,-1,105.6435706026527,4.518769986279793
449,1,-1,102.4861884089912,4.801237020186832
450,1,-1,99.36067460707551,5.155481460295534
451,1,-1,96.22065172085956,5.606996482298001
452,1,-1,93.0374942548612,6.167802869360458
453,1,-1,89.78886611451236,6.8339630117760075
454,1,-1,86.4533470305343,7.597219890963572
455,1,-1,83.0059963138043,8.430545465576657
456,1,-1,79.40834323343141,9.303399918633573
457,1,-1,75.62630341818749,10.167101160505283
458,1,-1,71.63205604822701,10.996612109139392
459,1,-1,67.40620792294241,11.822157463358067
460,1,-1,62.943691819877984,12.668764786509328
461,1,-1,58.257672723375926,13.539088975783784
462,1,-1,53.39247539689537,14.397209330421902
463,1,-1,48.394562350469194,15.216615062626088
464,1,-1,43.27494836752183,16.026475905324034
465,1,-1,38.032739737227416,16.830612095672578
466,1,-1,32.68778587888866,17.619778039909733
467,1,-1,27.264195649496795,18.38752610931374
468,1,-1,21.78616554215527,19.127974796843404
469,1,-1,16.279907680548455,19.84826339410975
470,1,-1,10.76893058721205,20.565097622718806
471,1,-1,5.257953493875647,21.28193185132787
472,1,-1,-0.25302359946075703,21.998766079936928
473,1,-1,-5.76400069279716,22.715600308545987
465,12,-1,-58.3734120615226,3.7257365374623537
466,12,-1,-57.87499427371219,3.73577925328685
467,12,-1,-57.08393261531264,3.7505042987821753
468,12,-1,-56.044609581616896,3.767438002678446
469,12,-1,-54.80351343553597,3.7854183282258447
470,12,-1,-53.415597597823016,3.807659712553871
471,12,-1,-51.937931778691755,3.8384707112618197
472,12,-1,-50.42760581575496,3.877685654438522
473,12,-1,-48.91591817485128,3.917437188031016
474,12,-1,-47.40423053394754,3.957188721623509
475,12,-1,-45.892542893043846,3.9969402552160034
475,2,-1,8.42681993412913,2.7414867443448117
476,2,-1,9.685620051607398,2.759589486493994
477,2,-1,11.72961882703258,2.8117517707711666
478,2,-1,14.456817344940625,2.9351769988423366
479,2,-1,17.735882844598045,3.140421241407694
480,2,-1,21.428246972631168,3.3963558510506147
481,2,-1,25.404837352569224,3.647346266283236
482,2,-1,29.56178224981542,3.837005420951087
483,2,-1,33.82168398439749,3.9232181712902445
484,2,-1,38.125608098135466,3.89133258410169
485,2,-1,42.429799481668425,3.760007259882158
486,2,-1,46.701948593332,3.5830857271601246
487,2,-1,50.91365533206339,3.4334096301949018
488,2,-1,55.04304265754054,3.3607450764402955
489,2,-1,59.07645081390696,3.38714560002451
490,2,-1,63.01000569159418,3.5188304247569704
491,2,-1,66.85258090094621,3.736598847922906
492,2,-1,70.62192894409496,4.0054573892899015
493,2,-1,74.34051968391074,4.29301680377624
494,2,-1,78.0309749167615,4.574216223296332
495,2,-1,81.71017061575677,4.836205808384321
496,2,-1,85.38461310771196,5.086228439747785
497,2,-1,89.05392637062313,5.3403629471198855
498,2,-1,92.71112542909069,5.594465749308398
499,2,-1,96.34649961370665,5.82504523121395
500,2,-1,99.96020084247733,6.0243388651811784
501,2,-1,103.56686787976864,6.1988536170022
502,2,-1,107.18952407057708,6.366248029455618
503,2,-1,110.8539258286018,6.538690737519971
504,2,-1,114.58125771479943,6.720258160749296
505,2,-1,118.38212680563701,6.902168850040468
506,2,-1,122.25692797052199,7.082651200485273
507,2,-1,126.1962235637456,7.267192885433089
508,2,-1,130.19448347754255,7.450201173412963
509,2,-1,134.2594586343134,7.631717113827562
510,2,-1,138.40689597072648,7.801942190486315
511,2,-1,142.65322535387088,7.948135935323151
512,2,-1,147.0191565525739,8.087183010351284
513,2,-1,151.51128602250233,8.257410165066375
514,2,-1,156.10689130186037,8.458834966885917
515,2,-1,160.7645186809562,8.666266000589475
516,2,-1,165.431267209169,8.845058702377159
517,2,-1,170.05968803597784,8.98538375488265
518,2,-1,174.62117145219676,9.06023688682869
519,2,-1,179.11428659591365,9.01529698033211
520,2,-1,-176.4511074325066,8.801008566137824
521,2,-1,-172.06821280127687,8.383636873625376
522,2,-1,-167.73505080297113,7.75025538430603
523,2,-1,-163.46767666985514,6.941692642788709
524,2,-1,-159.28954344603807,6.054819089718421
525,2,-1,-155.21767080938955,5.231457710648527
526,2,-1,-151.25384513632056,4.634784439208076
527,2,-1,-147.376489271127,4.351834406720314
528,2,-1,-143.55028530378948,4.388412299990705
529,2,-1,-139.73895812782135,4.701883179359798
530,2,-1,-135.9153126009675,5.215100513165965
531,2,-1,-132.06764444065462,5.808316513659649
532,2,-1,-128.20156736600524,6.341296784227154
533,2,-1,-124.33400989268654,6.7059562742506245
534,2,-1,-120.48192097470017,6.851638403914734
535,2,-1,-116.65588387327605,6.781410553884953
536,2,-1,-112.85664274273057,6.5262731343558045
537,2,-1,-109.07599663050867,6.143668121319578
538,2,-1,-105.29822364664564,5.69655199050888
539,2,-1,-101.50756903437598,5.230205253185744
540,2,-1,-97.692013327903,4.769763087558445
541,2,-1,-93.84498393014965,4.319336732339905
542,2,-1,-89.96210807463149,3.86315358874998
543,2,-1,-86.04197677883236,3.380924362838769
544,2,-1,-82.0882730284448,2.87658401720212
545,2,-1,-78.10737264359014,2.367366786275028
546,2,-1,-74.11018535989092,1.9001250889651407
547,2,-1,-70.11822971983968,1.5460807800399723
548,2,-1,-66.15765497999118,1.3306207947421174
549,2,-1,-62.236920580565204,1.2330572692576565
550,2,-1,-58.33161471925634,1.2071265882637758
551,2,-1,-54.424713547484664,1.2377867653158745
552,2,-1,-50.514695533851395,1.3475888901451754
553,2,-1,-46.60636535001633,1.540340786047551
554,2,-1,-42.70263507719288,1.8015333765266066
555,2,-1,-38.80484684446939,2.114738204759348
556,2,-1,-34.91004978261465,2.4660057780476308
557,2,-1,-32.63866609757595,2.6800820270224457
558,2,-1,-31.989712741551998,2.741439186307403
559,2,-1,-31.34075938552805,2.802796345592361
560,2,-1,-31.01628270751608,2.8334749252348392
