3,12,-1,309.4164419919376,-0.5037221534140315
4,12,-1,309.83914919046794,-0.820507221715488
5,12,-1,310.2411770317632,-1.1301168644962727
5,12,-1,310.59886639531743,-1.4147111201467624
6,12,-1,310.8951163721757,-1.6607812640616828
7,12,-1,311.1245672302537,-1.8743260545110871
8,12,-1,311.285019852411,-2.0641680786167313
9,12,-1,311.3760537002974,-2.2308674032561417
10,12,-1,311.4000909002,-2.3698681844088725
11,12,-1,311.36928025536577,-2.4675573371110886
13,12,-1,311.2993752907303,-2.5187334848072425
14,12,-1,311.20628246020664,-2.537512681167712
15,12,-1,311.10079175543905,-2.547120969807622
16,12,-1,310.98774305264016,-2.553910324571092
17,12,-1,310.8706267711657,-2.5553459583900775
18,12,-1,310.75280535648307,-2.5554888170598815
20,6,-1,139.65030112207629,-7.420610817133637
21,6,-1,136.22193460956518,-5.952548598965706
22,6,-1,132.75136946200598,-4.461155818721295
23,6,-1,129.23953314005524,-2.9600033797991756
24,6,-1,125.69803055087378,-1.4548623574384862
25,6,-1,122.14141708080905,0.051168512568224855
26,6,-1,118.58226198499145,1.5572556535098414
27,6,-1,115.02310688917383,3.063342794451458
28,0,-1,313.0946548463668,0.7322593005600595
29,0,-1,313.3350856754018,1.919887831885575
30,0,-1,313.57575993674567,3.1282311484523437
32,5,-1,111.42874477748413,-2.63691375703759
33,5,-1,109.9633998157421,-2.7935607730626226
34,5,-1,108.48769395908023,-2.9605413784915835
35,5,-1,107.00812261109138,-3.13604440704394
36,5,-1,105.5309059901375,-3.3136986052452784
37,5,-1,104.06215252638394,-3.4805459027015218
38,5,-1,102.60601766678622,-3.634596967549896
39,5,-1,101.16402164641892,-3.778927869307026
40,5,-1,99.73539363488185,-3.9202302911558466
41,5,-1,98.31466033403979,-4.059398292931306
43,13,-1,311.9534981896508,-1.334825586912828
44,13,-1,311.7416267039385,-1.2625785872179733
45,13,-1,311.5269300115556,-1.1760610905544127
45,13,-1,311.31058601912486,-1.0719366305496578
46,13,-1,311.09607140461065,-0.9587273675788311
47,13,-1,310.88738438423854,-0.8475038536778072
48,13,-1,310.68787571032436,-0.7501044431894286
49,13,-1,310.49959272946717,-0.6807991793763648
50,13,-1,310.33124281635645,-0.6517423223534138
51,13,-1,310.20146656484576,-0.6731465950368688
52,13,-1,310.1257259117403,-0.7549679245461078
53,13,-1,310.0981231921948,-0.9047263255982897
54,13,-1,310.1075846460032,-1.1163514400058716
55,13,-1,310.14402321510397,-1.369876205128861
56,13,-1,310.20005686334554,-1.642322696457697
57,13,-1,310.27314601471596,-1.908757490225682
58,13,-1,310.36187255250366,-2.1437386805281733
59,13,-1,310.4646680757204,-2.3261372233909867
60,13,-1,310.57936304627106,-2.4520755225617
61,13,-1,310.7030090449228,-2.523881526001361
62,13,-1,310.83048383455855,-2.552180113241377
63,13,-1,310.9558365746952,-2.5505674290636904
64,13,-1,311.06720785540944,-2.5260609135450807
65,13,-1,311.1516530208526,-2.483498821848144
66,13,-1,311.2004919020954,-2.43145679150679
67,13,-1,311.2166977988066,-2.39650472612189
68,13,-1,311.21181073178616,-2.3959788422248067
69,13,-1,311.1958292821161,-2.4223522567506564
70,13,-1,311.1770368043108,-2.462785843814544
71,13,-1,311.1613086684282,-2.5197176789035893
72,13,-1,311.1521852448579,-2.5953556487429097
73,13,-1,311.15278420176014,-2.6877473261691733
74,13,-1,311.16730753994227,-2.784286527731154
75,13,-1,311.2035309358694,-2.875381228093104
76,13,-1,311.2693101891126,-2.9531228387837416
77,13,-1,311.37034461737903,-3.005066669245494
78,13,-1,311.51223226918347,-3.02681481959776
79,13,-1,311.69648715222735,-3.0235187549110236
80,13,-1,311.9160015535085,-2.9894100347322308
81,13,-1,312.1627468324385,-2.9158330833148227
82,13,-1,312.4335311914884,-2.7989894969419
83,13,-1,312.72819062146414,-2.646318972276646
84,13,-1,313.04704606719014,-2.4679342212815953
85,13,-1,313.387863008788,-2.2723723590376608
86,13,-1,313.7379393697616,-2.060354080704443
87,13,-1,314.08116184594866,-1.8246969271059046
88,13,-1,314.40445662800363,-1.5577329909402522
89,13,-1,314.7039366283861,-1.2627918447963962
90,13,-1,314.9744027893142,-0.9550262791435528
91,13,-1,315.22371621408706,-0.6448528080956918
92,13,-1,315.4585914098937,-0.3355655910867341
93,13,-1,315.6850357454523,-0.02828229572483565
94,13,-1,315.9099739588224,0.27853694647691896
95,13,-1,316.13491217219246,0.5853561886786736
96,13,-1,316.35985038556254,0.8921754308804282
97,13,-1,316.58478859893256,1.1989946730821828
98,13,-1,316.8097268123027,1.5058139152839372
94,1,-1,28.619710838193676,-5.565099352721731
95,1,-1,30.452635418158756,-5.739214228743421
96,1,-1,32.3104500295781,-5.91019472668033
97,1,-1,34.19704691885293,-6.073266014317554
98,1,-1,36.12436043056195,-6.236820776336045
99,1,-1,38.10224525951632,-6.412190953982403
100,1,-1,40.136862331351104,-6.599620953937787
101,1,-1,42.217319784425854,-6.798371254869409
102,1,-1,44.32944626887053,-7.006047593608286
103,1,-1,46.46053570097092,-7.218317452264998
104,1,-1,48.60003512189144,-7.425813044459489
105,1,-1,50.73051076798449,-7.620068961446746
106,1,-1,52.84018750834177,-7.795118861757048
107,1,-1,54.919272074595234,-7.942518098878423
108,1,-1,56.95795410970232,-8.053019986526309
109,1,-1,58.94642325662051,-8.117377838416175
110,1,-1,60.87657644715101,-8.125678640786646
111,1,-1,62.74856141844076,-8.068774813206913
112,1,-1,64.56988577511233,-7.948432584219049
113,1,-1,66.34913429062169,-7.76371868776124
114,1,-1,68.09402413263653,-7.521321453926958
115,1,-1,69.8120640726901,-7.230370320973832
116,1,-1,71.51076288231569,-6.899994727159495
117,1,-1,73.19762933304655,-6.539324110741575
118,1,-1,74.87809368235094,-6.155729260518626
119,1,-1,76.55068589789127,-5.751141841312646
120,1,-1,78.21788672049536,-5.333164642845559
121,1,-1,79.88412660737448,-4.9127811680149875
122,1,-1,81.55036649425361,-4.492397693184415
123,1,-1,83.21660638113275,-4.072014218353844
130,6,-1,315.48394013589046,13.690679221634952
131,6,-1,315.48394013589046,13.690679221634952
142,7,-1,308.522487239366,-11.196896430433698
143,7,-1,310.7824176494379,-11.063098446648695
144,7,-1,313.05848947825433,-10.928972000170887
145,7,-1,315.3374259845097,-10.794901717097545
146,7,-1,317.6163624907651,-10.660831434024203
115,4,-1,316.6296581106652,-4.7917997559211765
116,4,-1,316.12937621423004,-4.462440546958263
117,4,-1,315.6289099680001,-4.128769509582143
118,4,-1,315.1343022151867,-3.794622928707554
119,4,-1,314.6515957990011,-3.463837089249239
120,4,-1,314.1868335626544,-3.1402482761219517
121,4,-1,313.7460583493578,-2.8276927742404325
122,4,-1,313.3356505489303,-2.528052571646029
123,4,-1,312.96266870085924,-2.2347545400488116
124,4,-1,312.63196213957735,-1.9395437579964037
125,4,-1,312.34790994278603,-1.644017912838095
126,4,-1,312.1135773774696,-1.3493735565579925
127,4,-1,311.9316659090857,-1.056000902533512
128,4,-1,311.80170881657773,-0.7646237492453167
129,4,-1,311.7108871767741,-0.47527446314842337
130,4,-1,311.6464946404765,-0.1832515229042997
131,4,-1,311.6041397413084,0.10602989783261307
132,4,-1,311.5829439906153,0.3815554113842268
133,4,-1,311.58673553456356,0.6229249200750928
134,4,-1,311.61507230525064,0.8133880089592225
135,4,-1,311.66444475547746,0.9467734940480739
136,4,-1,311.7287685694297,1.0162739211032912
137,4,-1,311.7976431744812,1.0209023522744047
138,4,-1,311.8654975314253,0.9639287637275943
139,4,-1,311.92832335316695,0.8492873603650679
140,4,-1,311.9825087648946,0.6840075530725755
141,4,-1,312.02612274386576,0.4874229358347151
142,4,-1,312.0578522503639,0.2789481159976503
143,4,-1,312.0758424836133,0.06709054295089345
144,4,-1,312.07807940183994,-0.14234996319632387
145,4,-1,312.0625489632701,-0.3435735823347983
146,4,-1,312.02723712612953,-0.5307804943553123
147,4,-1,311.96977947869095,-0.6976306615466825
148,4,-1,311.8867447750149,-0.8360698844733179
149,4,-1,311.77568998161416,-0.9392905808317096
150,4,-1,311.63450671060286,-1.0009318770018467
151,4,-1,311.46153576616814,-1.0159227198821554
152,4,-1,311.2573658132915,-0.986129936744021
153,4,-1,311.02671711399216,-0.9229298053116395
154,4,-1,310.78227316259256,-0.843898148556903
155,4,-1,310.5364387947515,-0.7645118921559089
156,4,-1,310.2931714717319,-0.6866781276001461
157,4,-1,310.05519773039094,-0.6067914909568515
158,4,-1,309.8267196926191,-0.5229705312560924
159,4,-1,309.61465342946303,-0.43682679935685087
160,4,-1,309.42898549650073,-0.36625845418363673
161,4,-1,309.2803541931731,-0.333320874744615
162,4,-1,309.1763674461902,-0.3584085478649257
163,4,-1,309.11224710565324,-0.4510316327103254
164,4,-1,309.07985415372866,-0.6018011388187432
165,4,-1,309.0745919072383,-0.7971175937109365
166,4,-1,309.0961736512964,-1.0276309585813836
167,4,-1,309.1452082012054,-1.285122358476883
168,4,-1,309.22230437226796,-1.5613729184442346
169,4,-1,309.3268733800598,-1.8511966872002432
170,4,-1,309.45323492384637,-2.1593467132200175
171,4,-1,309.5938371682191,-2.4838755778660584
172,4,-1,309.74239769786294,-2.8168868712546105
173,4,-1,309.89237654191095,-3.1512962114236984
174,4,-1,310.04235538595907,-3.4857055515927864
175,4,-1,310.19233423000713,-3.820114891761875
193,5,-1,244.16525013827575,-3.5088698699653236
194,5,-1,244.18215589729886,-2.190246783295777
195,5,-1,244.19916676984963,-0.8553108336983684
174,4,-1,215.49331280454592,-0.36745086588334175
175,4,-1,217.77344559948168,-0.6244294141492901
176,4,-1,220.08285491380838,-0.880609208032041
177,4,-1,222.41952033939626,-1.118433290159672
178,4,-1,224.77945710002422,-1.3067101489113355
179,4,-1,227.15771149050894,-1.4336957176954428
180,4,-1,229.55149810316297,-1.4986485329950057
181,4,-1,231.95577896927128,-1.4982483183408704
182,4,-1,234.36311824999078,-1.4384868240476436
183,4,-1,236.7671610870887,-1.334338276238796
184,4,-1,239.15640301847634,-1.2085821835190702
185,4,-1,241.52187163711665,-1.0824536485355338
186,4,-1,243.85709859656382,-0.9675897893284142
187,4,-1,246.15599783209598,-0.8732850022320378
188,4,-1,248.41248327899117,-0.8088336835807581
190,4,-1,250.62046887252737,-0.7835302297088873
191,4,-1,252.77463205653692,-0.8096586781379926
192,4,-1,254.87270430906884,-0.9114616311385505
193,4,-1,256.9156532964976,-1.1129208580059213
194,4,-1,258.9143374042821,-1.4250162313860812
195,4,-1,260.8807051846293,-1.851268460466926
196,4,-1,262.8211751376541,-2.378363497253318
197,4,-1,264.7391398764333,-2.9906385551509804
198,4,-1,266.6336995858792,-3.6800583221090903
199,4,-1,268.511031042565,-4.440081825615891
200,4,-1,270.3779748672896,-5.259890572174584
201,4,-1,272.2402566163129,-6.128627949425734
202,4,-1,274.100495714992,-7.038306307390911
203,4,-1,275.9595484443878,-7.97624115577247
204,4,-1,277.81800798914185,-8.928304249362213
205,0,-1,314.3974243370869,-0.413266468225828
206,0,-1,314.0384196637564,-0.3238156111153927
207,0,-1,313.68470685680217,-0.23613196819678706
208,0,-1,313.348172070128,-0.16002609312688776
209,0,-1,313.03993028892086,-0.12501297308212145
210,0,-1,312.75949063740177,-0.1512766985237448
211,0,-1,312.5028243180014,-0.23336935479470353
212,0,-1,312.2698757817998,-0.3594052342125025
213,0,-1,312.05964817386365,-0.514872083875872
214,0,-1,311.8699142689604,-0.6871060015859455
215,0,-1,311.6981576260995,-0.8635457371423882
216,0,-1,311.5418333348038,-1.0314773464534142
217,0,-1,311.39917927508094,-1.180725643050792
218,0,-1,311.2723399579196,-1.3098036263713055
219,0,-1,311.16726249772546,-1.4140614225207315
220,0,-1,311.0906931429912,-1.4884634854851697
221,0,-1,311.05070375092697,-1.5298127480890427
222,0,-1,311.0539139796862,-1.5403266660605084
223,0,-1,311.09893691838863,-1.539735248372182
224,0,-1,311.17933308970976,-1.5410827310732031
225,0,-1,311.28760880801406,-1.5474064688493883
226,0,-1,311.4165346476431,-1.558470797110985
227,0,-1,311.55896925942926,-1.5736695177566702
228,0,-1,311.7077712942048,-1.5923964326851205
229,0,-1,311.8557106101764,-1.6109090288315997
230,0,-1,311.9956887052112,-1.6137038169964057
231,0,-1,312.1234947140119,-1.587987123477319
232,0,-1,312.2403695793097,-1.5322610769864582
233,0,-1,312.3521385147982,-1.4481742953643533
234,0,-1,312.4674593783866,-1.345778428490803
235,0,-1,312.60049596040386,-1.2440048869206777
236,0,-1,312.7635620603209,-1.161959830946515
237,0,-1,312.9552035565866,-1.1101288852945572
238,0,-1,313.16603706731377,-1.0887308940996832
239,0,-1,313.3827681730448,-1.096457784401636
240,0,-1,313.59142034318165,-1.132621801633405
241,0,-1,313.78237315034295,-1.191816792240985
242,0,-1,313.947170150933,-1.2673400124294005
243,0,-1,314.07735490135605,-1.3524887184037055
244,0,-1,314.16202905348143,-1.439994603784896
245,0,-1,314.180526641039,-1.5203271118578525
246,0,-1,314.1097397932235,-1.58339012332344
247,0,-1,313.9302481728508,-1.6217721082986998
248,0,-1,313.63974856498396,-1.6400566797684917
249,0,-1,313.24909323936294,-1.6505391809456427
250,0,-1,312.77150145349117,-1.666771740245963
251,0,-1,312.2196775605666,-1.7003119170184817
252,0,-1,311.60421412337143,-1.7545061290322366
253,0,-1,310.93513632814285,-1.8290410292919577
254,0,-1,310.2230420700604,-1.9204354677053033
255,0,-1,309.4786854648376,-2.0244745597338607
256,0,-1,308.7128206281879,-2.1369434208392164
257,0,-1,307.93620167582475,-2.253627166482985
244,2,-1,330.6296060790183,-7.692992858256119
245,2,-1,328.6339018505468,-7.704436931335621
246,2,-1,326.6153556311924,-7.719555046750328
247,2,-1,324.57771829071595,-7.746747640632449
248,2,-1,322.52519029693286,-7.795665177754316
249,2,-1,320.46187954082205,-7.877147981963802
250,2,-1,318.3910952359668,-8.002052987608053
251,2,-1,316.3143405389117,-8.163455684897883
252,2,-1,314.2326902361508,-8.349688738241156
253,2,-1,312.1472191141782,-8.54908481204572
254,2,-1,310.058783712065,-8.74959030032271
255,2,-1,307.96795162863367,-8.939301495027038
256,2,-1,305.8780231521587,-9.112040748747193
257,2,-1,303.79668438406827,-9.259907513229393
258,2,-1,301.7376073940622,-9.3713435251167
259,2,-1,299.71585665516767,-9.436257771314272
260,2,-1,297.74544358086496,-9.454811364122563
261,2,-1,295.83353288904306,-9.433739358799713
262,2,-1,293.9774952579646,-9.37679475938603
263,2,-1,292.1687092395039,-9.28745594356073
264,2,-1,290.39773423523104,-9.168023742087671
265,2,-1,288.65881184952144,-9.029345244876396
266,2,-1,286.9476110333228,-8.885989697023916
267,2,-1,285.25682882244416,-8.748670828344089
268,2,-1,283.57800239935887,-8.624395422456317
269,2,-1,281.90134570570183,-8.509857355697433
270,2,-1,280.21704967219745,-8.398458498976453
271,2,-1,278.51851795412597,-8.28025331889836
272,2,-1,276.8084070020446,-8.145998614985034
273,2,-1,275.0947061815953,-8.000384193528264
274,2,-1,273.3818954981722,-7.85337601817892
275,2,-1,271.66759227256256,-7.7073800899992335
276,2,-1,269.95033888132593,-7.558083593168774
277,2,-1,268.23242630151225,-7.407842263886193
277,1,-1,260.1808468965126,4.052597288462764
278,1,-1,259.4216399595318,4.462475987426558
279,1,-1,258.6591620436245,4.876111491743515
280,1,-1,257.8962599425042,5.290263302365019
288,9,-1,100.85221674558679,0.1284364987337341
289,9,-1,101.39238556192846,-0.7884422011829885
290,9,-1,101.94671652263345,-1.7276344279802487
291,9,-1,102.51606261666825,-2.673255755553498
292,9,-1,103.09962236379977,-3.6055283286877677
293,9,-1,103.69531982032896,-4.509752219297496
294,9,-1,104.29690828452743,-5.392700246509065
295,9,-1,104.9007117513927,-6.269216616009969
296,9,-1,105.50452841917524,-7.148703790800042
297,9,-1,106.1053628942001,-8.037203220373513
298,9,-1,106.69858110239717,-8.933649069165382
299,9,-1,107.2869497798177,-9.834201133775792
306,1,-1,112.14002701837478,-2.2890396312303665
307,1,-1,112.05972066228543,-3.0219137680185355
308,1,-1,111.97957391358808,-3.784317115005124
309,1,-1,111.8949886915591,-4.580700568592064
310,1,-1,111.79286903711072,-5.419450699389288
311,1,-1,111.65823686989967,-6.310472840634219
312,1,-1,111.47611410958267,-7.263672325564331
313,1,-1,111.2359015036795,-8.287634660141151
314,1,-1,110.94451511116179,-9.385666041222649
315,1,-1,110.6137932229091,-10.558565222222526
316,1,-1,110.25774774598048,-11.802380491880996
317,1,-1,109.89178833497688,-13.109895746434802
318,1,-1,109.53474201848708,-14.465587776780197
319,1,-1,109.20328644819115,-15.852342981284476
320,1,-1,108.90208439414653,-17.254993293539446
321,1,-1,108.62965256050545,-18.659077053491313
322,1,-1,108.37235118288666,-20.05526430285893
323,1,-1,108.11750272902748,-21.44942686519927
324,1,-1,107.8626542751683,-22.843589427539612
325,1,-1,107.60780582130911,-24.237751989879953
313,7,-1,101.80645415422633,-5.909418120730778
314,7,-1,102.4331793157761,-5.385981695997827
315,7,-1,103.05295586739928,-4.865240553932806
316,7,-1,103.65101922493852,-4.362878877332008
317,7,-1,104.2126048042365,-3.8945808489917515
318,7,-1,104.72433737379079,-3.4766625709832795
319,7,-1,105.17839911271864,-3.127967822477658
320,7,-1,105.57042148354077,-2.8668444032502975
321,7,-1,105.90427567177227,-2.7071285183941
322,7,-1,106.18589279367669,-2.6615284743313623
323,7,-1,106.42120396551763,-2.7427525774843673
324,7,-1,106.6161403035587,-2.9635091342754123
325,7,-1,106.77663292406346,-3.3365064511267803
326,7,-1,106.90861919366557,-3.87108608868121
327,7,-1,107.01846551729481,-4.562429959800568
328,7,-1,107.11416069751553,-5.399582572916571
329,7,-1,107.20358446716175,-6.368789375514808
330,7,-1,107.29295230441846,-7.448113562758921
331,7,-1,107.38951926707088,-8.614485264776391
332,7,-1,107.50092858444079,-9.845077944506528
333,7,-1,107.63482348585005,-11.117065064888635
334,7,-1,107.79856409377052,-12.407772619731972
335,7,-1,107.99652217723585,-13.699024650981983
336,7,-1,108.22536269427601,-14.98834943007951
337,7,-1,108.47960462422627,-16.277878698628793
338,7,-1,108.75260673579612,-17.572606380262254
339,7,-1,109.03662147608443,-18.875472385558837
340,7,-1,109.32260769931818,-20.18015637122602
341,7,-1,109.60859392255195,-21.4848403568932
342,7,-1,109.89458014578571,-22.789524342560384
343,7,-1,110.18056636901947,-24.094208328227566
340,4,-1,126.90420105742623,-7.307620190608489
341,4,-1,126.90420105742623,-7.307620190608489
342,4,-1,126.90420105742623,-7.307620190608489
343,4,-1,126.90420105742623,-7.307620190608489
344,4,-1,126.90420105742623,-7.307620190608489
345,4,-1,126.90420105742623,-7.307620190608489
295,2,-1,109.8210524765749,4.657620793314222
296,2,-1,109.54409378943865,4.965481644562232
297,2,-1,109.26107147374822,5.280779414990647
298,2,-1,108.96935693931925,5.60334884118356
299,2,-1,108.6678034399729,5.933407512670669
300,2,-1,108.36119160555253,6.272704430764065
301,2,-1,108.05101945745028,6.619977298087363
302,2,-1,107.72310546805907,6.9641892884312
303,2,-1,107.37135822379686,7.3035082644678795
304,2,-1,106.99353514032248,7.6323946198824615
305,2,-1,106.59915305938142,7.954412616067202
306,2,-1,106.20083329844819,8.276054848915606
307,2,-1,105.81119717499719,8.603813914321194
308,2,-1,105.44286600650287,8.944182408177468
309,2,-1,105.10846111043968,9.30365292637795
310,2,-1,104.81832902381058,9.685881740549775
311,2,-1,104.57284668936752,10.083241175109222
312,2,-1,104.3666343799295,10.485512629624722
313,2,-1,104.19344189595024,10.882538853519335
314,2,-1,104.04701903788344,11.264162596216122
315,2,-1,103.92111560618282,11.62022660713815
316,2,-1,103.80948140130204,11.94057363570846
317,2,-1,103.70586622369481,12.21504643135012
318,2,-1,103.60401987381485,12.433487743486182
319,2,-1,103.49769215211585,12.585740321539715
320,2,-1,103.3806328590515,12.661646914933769
321,2,-1,103.24659179507552,12.651050273091398
322,2,-1,103.08931876064158,12.54379314543567
323,2,-1,102.90256355620342,12.329718281389644
324,2,-1,102.68089283238247,12.002703842912808
325,2,-1,102.42423412243463,11.571105927432
326,2,-1,102.14170573763712,11.040661186197154
327,2,-1,101.84451947123054,10.41544255577986
328,2,-1,101.54388711645554,9.699522972751708
329,2,-1,101.25102046655267,8.896975373684285
330,2,-1,100.97713131476263,8.01187269514918
331,2,-1,100.73329727121421,7.050900967373494
332,2,-1,100.52903406517076,6.0320286813574455
333,2,-1,100.36962264910964,4.979157766360728
334,2,-1,100.25931882708949,3.9170202377940337
335,2,-1,100.20237840316913,2.870348111068054
336,2,-1,100.20317036364108,1.8594782659150297
337,2,-1,100.26651642373331,0.8871670393533435
338,2,-1,100.39641082543282,-0.049100424659783926
339,2,-1,100.59308518882752,-0.9553432116979508
340,2,-1,100.85583047853068,-1.8384564647174675
341,2,-1,101.18393765915536,-2.7053353266746285
342,2,-1,101.57628080209886,-3.562611842709984
343,2,-1,102.02880089007549,-4.419621714098895
344,2,-1,102.53406432367603,-5.298954759310064
345,2,-1,103.09045411908185,-6.217391491376134
346,2,-1,103.69173642338141,-7.176834937020445
347,2,-1,104.32473928185927,-8.176866764640833
348,2,-1,104.97566859436782,-9.208988807975587
349,2,-1,105.63501507922264,-10.257783271680237
365,4,-1,106.89732655061701,-5.490995889301317
366,4,-1,106.45391573242848,-6.486078301535628
367,4,-1,106.00275641226561,-7.497782511282168
368,4,-1,105.54704261728712,-8.517834310879053
348,5,-1,121.40563735705186,3.9617168429229395
349,5,-1,119.63524769878998,2.9236519301512374
350,5,-1,117.83180964804615,1.868998886170928
351,5,-1,115.98530868454321,0.8065170071226362
352,5,-1,114.08998785518739,-0.25631910385979495
353,5,-1,112.1450547558845,-1.3117393341648835
354,5,-1,110.16326213611721,-2.3492017562717677
355,5,-1,108.15146743430296,-3.360382976542382
356,5,-1,106.10817834434572,-4.352876727671031
357,5,-1,104.02907500844906,-5.337127604139553
358,5,-1,101.90588824551854,-6.317351947889335
359,5,-1,99.73690796273394,-7.287291598786168
360,5,-1,97.53567714447942,-8.224751492060108
361,5,-1,95.32026662224267,-9.106659259948215
362,5,-1,93.11267215294865,-9.920960737985268
363,5,-1,90.9358707248817,-10.658356312530428
364,5,-1,88.80836056869408,-11.313767811353685
365,5,-1,86.73072488451021,-11.899002827868228
366,5,-1,84.69906811482247,-12.43009039689805
367,5,-1,82.70949470212318,-12.923059553267166
368,5,-1,80.75810908890475,-13.393939331799558
369,5,-1,78.84101571765953,-13.858758767319244
370,5,-1,76.95340609305885,-14.331953707900013
371,5,-1,75.08626336443724,-14.819202926203843
372,5,-1,73.22816501334295,-15.314926945523894
385,9,-1,109.68316357579084,1.993670591847391
386,9,-1,109.8990122241777,1.7926615005255537
387,9,-1,110.130080942145,1.5895831250283976
388,9,-1,110.39037676101442,1.378736893832098
389,9,-1,110.69511335904711,1.1475976820937888
390,9,-1,111.05972999176308,0.8823940869073111
391,9,-1,111.4996659146823,0.5693547053665071
392,9,-1,112.02912093767054,0.1980587110845562
393,9,-1,112.6573370879767,-0.228512416248023
394,9,-1,113.39095341858531,-0.7063411260193958
395,9,-1,114.23115486804046,-1.2406678900099166
396,9,-1,115.17536760689369,-1.8369145034556735
397,9,-1,116.21143684816668,-2.491970033023634
398,9,-1,117.32481256549872,-3.2005903632384616
399,9,-1,118.50094473252896,-3.9575313786248225
400,9,-1,119.72528332289671,-4.757548963707407
401,9,-1,120.98490197184948,-5.5953722495372205
402,9,-1,122.27336896106799,-6.465623353270657
403,9,-1,123.58587623384132,-7.36289763859044
404,9,-1,124.91761573345848,-8.281790469179299
405,9,-1,126.2637794032085,-9.21689720871997
406,9,-1,127.61955918638044,-10.162813220895174
407,9,-1,128.98014702626335,-11.114133869387658
408,9,-1,130.34153620893142,-12.066355290599672
401,6,-1,141.47808399472586,-11.737337843433608
402,6,-1,143.24604753381612,-11.281396287544082
403,6,-1,145.03691684630704,-10.808635207267967
404,6,-1,146.85328582587962,-10.310819475521114
405,6,-1,148.697963197438,-9.7803999853125
406,6,-1,150.56738612873872,-9.219429451182563
407,6,-1,152.456299223418,-8.632436130094675
408,6,-1,154.35944708511195,-8.023948279012231
409,6,-1,156.27209906869334,-7.398749397147753
410,6,-1,158.19130525118837,-6.763519653752823
411,6,-1,160.11356077797038,-6.126743719355872
373,0,-1,83.91726130346379,-7.346619260574599
374,0,-1,85.46523724871078,-7.676188270366765
375,0,-1,87.02733398062297,-8.00042221509824
376,0,-1,88.5987514837504,-8.308970208237426
377,0,-1,90.17484546779825,-8.60435268771954
378,0,-1,91.74584175671608,-8.893265804185916
379,0,-1,93.29661068480095,-9.183687694510766
380,0,-1,94.80857035125015,-9.4837150963521
381,0,-1,96.26011439685665,-9.79860974092901
382,0,-1,97.63440299595011,-10.11034239923103
383,0,-1,98.92013408092066,-10.39715661682874
384,0,-1,100.11068233465453,-10.639927414359121
385,0,-1,101.20303501106277,-10.819795184449658
386,0,-1,102.19423779194085,-10.928870312411021
387,0,-1,103.0811615350126,-10.962222232239228
388,0,-1,103.86067709800182,-10.9149203779303
389,0,-1,104.531624573738,-10.784539053951875
390,0,-1,105.10096190794857,-10.579733634762944
391,0,-1,105.57933512255558,-10.315813529236905
392,0,-1,105.98065191671189,-10.008760980445714
393,0,-1,106.3179533656925,-9.674590901801023
394,0,-1,106.597793284505,-9.32983764197948
395,0,-1,106.82616802149653,-8.990837607750253
396,0,-1,107.01333131864034,-8.672616002987496
397,0,-1,107.17060126631611,-8.389870230841638
398,0,-1,107.30929595490355,-8.157297694463082
399,0,-1,107.43902268478897,-7.987806875397424
400,0,-1,107.56254559638539,-7.88715056877085
401,0,-1,107.68091804011249,-7.859292648104713
402,0,-1,107.79519336638987,-7.908196986920374
403,0,-1,107.90642492563718,-8.037827458739159
404,0,-1,108.01566606827413,-8.252147937082427
405,0,-1,108.12397014472032,-8.555122295471536
406,0,-1,108.23250172296437,-8.947297711416681
407,0,-1,108.34287024127072,-9.41555457838352
408,0,-1,108.45679635547273,-9.943356593826564
409,0,-1,108.57600072140383,-10.514167455200322
410,0,-1,108.70220399489739,-11.111450859959305
411,0,-1,108.83712683178679,-11.71867050555801
412,0,-1,108.98248988790547,-12.31929008945096
413,0,-1,109.13789338365005,-12.898324583848549
414,0,-1,109.29768948482423,-13.449565586962905
415,0,-1,109.46484805235345,-13.979122370898253
416,0,-1,109.63678616208871,-14.497596899632187
417,0,-1,109.80952086219165,-15.014224385832549
417,3,-1,103.40611490517671,-4.05982248812262
418,3,-1,104.3525401468788,-3.7033121164328544
419,3,-1,105.29658521014862,-3.3318780572943756
420,3,-1,106.22408375134926,-2.9393740552530687
421,3,-1,107.12095490751493,-2.518379940155654
422,3,-1,107.97623135927688,-2.059125891259825
423,3,-1,108.78909290768082,-1.5636033250425785
424,3,-1,109.55739159905936,-1.0447541425405829
425,3,-1,110.27980942583987,-0.5153040159733138
426,3,-1,110.96244754045439,0.021090774060667172
427,3,-1,111.61326188533616,0.5630412948680146
428,3,-1,112.24020840291831,1.1091586137553833
429,3,-1,112.85124303563408,1.658053798029428
430,3,-1,113.45432172591666,2.208337914996818
431,3,-1,114.0560744257937,2.7588535207464275
425,11,-1,198.37615269160253,-10.65564464018749
426,11,-1,200.21159979047812,-10.212484327647815
427,11,-1,202.0681861750662,-9.765422401417226
428,11,-1,203.94787817946423,-9.322159454099108
429,11,-1,205.85730151604668,-8.889953200016748
430,11,-1,207.80620777253665,-8.478510657664032
431,11,-1,209.80491787846572,-8.098237827131994
432,11,-1,211.8637527633652,-7.7595407085117065
433,11,-1,213.9930333567666,-7.472825301894217
434,11,-1,216.20176356488898,-7.246543612626426
435,11,-1,218.49152476053698,-7.080208507793543
436,11,-1,220.8539635325431,-6.966886222595918
437,11,-1,223.27857202957492,-6.898519832948735
438,11,-1,225.7548424003,-6.867052414767187
439,11,-1,228.27226679338585,-6.864427043966458
440,11,-1,230.8203373575001,-6.882586796461723
441,11,-1,233.38852442119406,-6.914321532683104
442,11,-1,235.96701007203825,-6.955446307173048
443,11,-1,238.54951565585486,-7.001265813056662
444,11,-1,241.1326304084284,-7.047852669196374
445,11,-1,243.71574516100202,-7.094439525336086
453,9,-1,113.82303592802593,17.698296394947477
454,9,-1,118.78859345541653,17.967977887660595
455,9,-1,123.80767088531915,18.248985081515897
456,9,-1,128.867709494892,18.539674575612054
457,9,-1,133.95505555757836,18.836818936535437
458,9,-1,139.05605534682147,19.13719073087243
459,9,-1,144.15933075715736,19.43810043077836
460,9,-1,149.26260616749326,19.739010130684292
461,9,-1,154.36588157782919,20.03991983059022
462,9,-1,159.46915698816505,20.34082953049615
463,9,-1,164.57243239850095,20.641739230402077
464,9,-1,169.67570780883685,20.94264893030801
465,9,-1,174.77898321917274,21.24355863021394
466,9,-1,179.88225862950864,21.54446833011987
467,9,-1,184.98553403984454,21.8453780300258
435,13,-1,106.65052700895544,-9.72510789911064
436,13,-1,106.2061497327845,-8.732651759401405
437,13,-1,105.73581880688003,-7.725520428485651
438,13,-1,105.22930880051433,-6.7243180193077166
439,13,-1,104.68590323442776,-5.754830827751249
440,13,-1,104.1116671777538,-4.830037443539298
441,13,-1,103.5233267625573,-3.950345030127451
442,13,-1,102.9401108829055,-3.1137593216157877
443,13,-1,102.3812484328656,-2.3182860521043835
444,13,-1,101.86596830650493,-1.5619309556933274
445,13,-1,101.41011726404038,-0.8461644651424507
446,13,-1,101.01435335920289,-0.1872620597826966
447,13,-1,100.66931182753464,0.391251074667025
448,13,-1,100.36396773349318,0.8649035005557693
449,13,-1,100.08729614153603,1.209223780232577
450,13,-1,99.82839738082208,1.401944459744925
451,13,-1,99.57904008027275,1.4333199956701748
452,13,-1,99.34007226443359,1.3113490900891378
453,13,-1,99.11564986718527,1.050601856261224
454,13,-1,98.9102139895029,0.6663647663064722
455,13,-1,98.72820573236172,0.17392429234492113
456,13,-1,98.57406619673682,-0.41143309350340473
457,13,-1,98.45223648360341,-1.0744209191184526
458,13,-1,98.3671576939366,-1.7997527123801975
459,13,-1,98.32327092871158,-2.5721420011686007
460,13,-1,98.32143362360497,-3.37843658283181
461,13,-1,98.34816855309954,-4.2140213325907325
462,13,-1,98.3864148263794,-5.076415395134475
463,13,-1,98.41911155262876,-5.963137915152117
464,13,-1,98.42919784103182,-6.871708037332766
465,13,-1,98.40340083801975,-7.799597269230375
466,13,-1,98.3435998390116,-8.744086569858352
467,13,-1,98.25546217667333,-9.70240926109497
468,13,-1,98.14465518367102,-10.671798664818498
469,13,-1,98.01684619267066,-11.649488102907213
470,13,-1,97.87770253633826,-12.632710897239377
471,13,-1,97.73289154733985,-13.618700369693274
452,3,-1,114.18950126773238,-6.734410826098767
453,3,-1,114.05730940689897,-6.668418788465573
454,3,-1,113.90839038565781,-6.593250470501814
455,3,-1,113.72762788178495,-6.501327839585485
456,3,-1,113.49990557305645,-6.385072863094578
457,3,-1,113.21283229533799,-6.238139266274941
458,3,-1,112.86491751685375,-6.05910780584385
459,3,-1,112.45739586391755,-5.8477909963864505
460,3,-1,111.99150196284323,-5.604001352487899
461,3,-1,111.46644950062682,-5.326909119853653
462,3,-1,110.87336840699331,-5.01311546867052
463,3,-1,110.20136767234995,-4.6585793002455915
464,3,-1,109.44151295852157,-4.260142156851103
465,3,-1,108.59269661300364,-3.818176144619656
466,3,-1,107.65555169698783,-3.332524511362408
467,3,-1,106.63126521539853,-2.7986957867432665
468,3,-1,105.52871213825462,-2.2131317291898256
469,3,-1,104.36494122842838,-1.561983897688961
470,3,-1,103.15196085983492,-0.8335657345940604
471,3,-1,101.90531370344658,-0.03662730919525359
472,3,-1,100.64196218640018,0.8142647640271576
473,3,-1,99.37602574346282,1.7046367497452621
474,3,-1,98.11025998699866,2.6211409964848826
475,3,-1,96.84457957377109,3.550711373735254
476,3,-1,95.5789133844163,4.482459439404096
477,3,-1,94.3132471950615,5.4142075050729375
478,3,-1,93.04758100570672,6.345955570741779
490,0,-1,6.463391599382875,-19.789577626316216
491,0,-1,6.048980818102423,-19.669847559146604
492,0,-1,5.633710263416825,-19.54962273963331
493,0,-1,5.218439708731226,-19.42939792012001
485,2,-1,103.89634175599649,-6.804648784996019
486,2,-1,104.9996793661843,-7.76993650415281
487,2,-1,106.10808637339525,-8.75166352048825
488,2,-1,107.2186917026394,-9.74696783756194
489,2,-1,108.33007090516116,-10.754129520941689
490,2,-1,109.44079953220499,-11.771428636195338
491,2,-1,110.54945313501531,-12.7971452488907
492,2,-1,111.6546072648366,-13.829559424595601
493,2,-1,112.7558955346633,-14.86640827985367
494,2,-1,113.85636315086589,-15.904086739874629
476,4,-1,8.850202754696548,-26.980726531644365
477,4,-1,8.743924582228788,-25.26230907209178
478,4,-1,8.631195684951395,-23.522972530342415
479,4,-1,8.510053177497433,-21.778925417392642
480,4,-1,8.379329151303986,-20.04502701143389
481,4,-1,8.23788407669398,-18.33501358597242
482,4,-1,8.084198607013994,-16.656745003333043
483,4,-1,7.914732380312369,-15.01086680342374
484,4,-1,7.72514744569663,-13.394425141839108
485,4,-1,7.511029788169018,-11.803912426205628
486,4,-1,7.267965392731771,-10.235821064149775
487,4,-1,6.991540244387137,-8.686643463298042
488,4,-1,6.67914566813105,-7.152405830657898
489,4,-1,6.3350712672244605,-5.62810367075781
490,4,-1,5.964119658082953,-4.111602687494738
491,4,-1,5.570770375412346,-2.6016026847624967
492,4,-1,5.1595029539184605,-1.0968034664549293
493,4,-1,4.734796928307118,0.4040951635341372
494,4,-1,4.301131833284134,1.9023934013108599
495,4,-1,3.862987203555334,3.399391442981411
