8,9,-1,-113.4924899286896,-14.163114952606463
9,9,-1,-113.51462395110867,-14.17011089152476
10,9,-1,-113.53675797352776,-14.177106830443059
11,9,-1,-113.55889199594682,-14.184102769361354
12,9,-1,-113.58102601836592,-14.19109870827965
13,9,-1,-113.603160040785,-14.198094647197946
14,9,-1,-113.61422705199453,-14.201592616657095
15,9,-1,-113.80787696119947,-14.276152523388847
16,9,-1,-113.82132778894281,-14.281894108676827
17,9,-1,-113.83477861668615,-14.287635693964807
18,9,-1,-113.84822944442948,-14.29337727925279
19,9,-1,-113.86168027217282,-14.29911886454077
20,9,-1,-113.87513109991616,-14.304860449828752
21,9,-1,-113.88858192765949,-14.310602035116732
22,9,-1,-113.90203275540283,-14.316343620404712
23,9,-1,-113.91548358314617,-14.322085205692694
24,9,-1,-113.9289344108895,-14.327826790980675
25,9,-1,-113.94238523863284,-14.333568376268657
26,9,-1,-113.95583606637618,-14.339309961556635
27,9,-1,-113.9692868941195,-14.345051546844617
28,9,-1,-113.98273772186285,-14.3507931321326
29,9,-1,-113.99618854960619,-14.35653471742058
30,9,-1,-114.00963937734952,-14.36227630270856
31,9,-1,-114.02309020509286,-14.368017887996542
32,9,-1,-114.0365410328362,-14.373759473284522
33,9,-1,-114.04326644670785,-14.376630265928513
34,9,-1,-114.69632039277381,-14.68561792811991
35,9,-1,-115.55556315833495,-15.133108674157041
36,9,-1,-116.5686111015288,-15.691765637221051
37,9,-1,-117.68004475252908,-16.28134446750053
38,9,-1,-118.84052469751474,-16.846671035036206
45,1,-1,-23.18666283574633,53.49105042506028
46,1,-1,-23.20296226488116,53.5106700038114
47,1,-1,-23.245710022545868,53.57101534791018
48,1,-1,-23.29135378115589,53.63805925902
49,1,-1,-23.336997539765857,53.7051031701298
50,1,-1,-23.38264129837588,53.77214708123961
51,1,-1,-23.405463177680968,53.805669036794505
52,1,-1,-23.428285056985953,53.839190992349415
53,1,-1,-23.473928815595972,53.90623490345922
50,9,-1,-35.219457846791656,33.77322712258294
51,9,-1,-35.24460101098741,33.80725160560771
52,9,-1,-35.27789871492236,33.859834897555096
53,9,-1,-35.36080320227059,34.002119099295086
54,9,-1,-35.41397759681978,34.09607306946578
55,9,-1,-35.42926735883072,34.12313799914458
56,9,-1,-35.44455712084168,34.15020292882338
57,9,-1,-35.452202001847155,34.16373539366278
58,9,-1,-35.51336104989089,34.271995112377994
59,9,-1,-35.54394057391276,34.32612497173559
60,9,-1,-35.58980985994561,34.40731976077199
61,9,-1,-35.61274450296201,34.44791715529019
62,9,-1,-35.635679145978415,34.48851454980839
40,2,-1,-12.709481194077886,43.89614228870595
41,2,-1,-13.277265519229866,43.98049142260571
42,2,-1,-14.872012928110394,44.19159074229285
43,2,-1,-15.89345712593392,44.291733651571235
44,2,-1,-18.39275959613622,44.449794220929284
45,2,-1,-21.501663169542212,44.585330461611115
46,2,-1,-23.273506748003,44.64912489623552
47,2,-1,-27.22481551167534,44.769590397842855
48,2,-1,-31.683326758244274,44.88186818960533
49,2,-1,-36.605557713162064,44.987354833336234
50,2,-1,-41.949608387766474,45.08340867506621
51,2,-1,-44.76673225128826,45.126520795649746
52,2,-1,-47.67131804530907,45.16894173587467
53,2,-1,-53.710744761341395,45.26433925166601
54,2,-1,-57.35461224525301,45.32957205739609
55,2,-1,-58.41003058707764,45.34936185421807
56,2,-1,-59.46544892890228,45.36915165104003
57,2,-1,-59.99315809981461,45.37904654945102
58,2,-1,-64.27678816733668,45.462973563663084
59,2,-1,-66.43288264705122,45.50597715651562
60,2,-1,-69.68562083431473,45.57168830878355
61,2,-1,-71.31791992182094,45.60491205680622
62,2,-1,-72.95021900932713,45.63813580482888
63,2,-1,-76.22074717821403,45.70495147276291
63,9,-1,-166.28163010797462,-4.36338603884255
64,9,-1,-166.287614139311,-4.6272650678733385
65,9,-1,-166.24769618712224,-5.039704278639476
66,9,-1,-166.1798800228378,-5.5317407401591785
67,9,-1,-166.13669024323465,-5.936493335334271
68,9,-1,-166.124827495999,-6.0751810093899365
69,9,-1,-166.08963002737855,-6.670477306735307
70,9,-1,-166.04535387260358,-7.3344072780141545
71,9,-1,-165.9622380964271,-8.084132704429166
72,9,-1,-165.8227877752037,-8.92178050218503
73,9,-1,-165.6132787733068,-9.799427684526476
74,9,-1,-165.3349350832714,-10.684844510767519
75,9,-1,-165.00259639306532,-11.575428374645867
76,9,-1,-164.63168984559454,-12.469702979693707
77,9,-1,-164.23764258376488,-13.366192029443255
144,3,-1,-24.12537631668906,-5.66276852855303
145,3,-1,-24.006988370609253,-5.525791146500126
146,3,-1,-23.92044183535098,-5.4216909728409055
147,3,-1,-23.699652155439914,-5.173673345845003
148,3,-1,-23.43070859754767,-4.8878339150477785
149,3,-1,-23.132872712866774,-4.579301401969758
150,3,-1,-22.902072076500712,-4.342071155741884
66,13,-1,-175.3891191913359,-17.384701476529813
67,13,-1,-175.07748889128715,-17.272848575697235
68,13,-1,-174.9543678162978,-17.231567655768742
69,13,-1,-174.2819076573744,-17.07603927337945
70,13,-1,-173.37340447276966,-16.98536208691732
71,13,-1,-172.2426624411606,-16.968531056070248
72,13,-1,-170.90107851438088,-17.020460503837654
73,13,-1,-169.3604979264092,-17.134100015285526
74,13,-1,-167.63152372965823,-17.303069184211708
75,13,-1,-165.7278630353398,-17.527891207716365
76,13,-1,-163.68800281519364,-17.76922845105119
77,13,-1,-161.54948520736238,-17.959090329450717
78,13,-1,-159.3517789967442,-18.06289926204741
79,13,-1,-157.14465978977313,-18.075332931665685
80,13,-1,-154.97037937530516,-17.973529887212464
81,13,-1,-153.9069604932407,-17.871998485952673
82,13,-1,-151.8381938953668,-17.57072274128508
83,13,-1,-149.83714165652765,-17.172957904474146
84,13,-1,-148.85239466248723,-16.944736809782956
85,13,-1,-146.8996156226148,-16.440044935078173
86,13,-1,-145.92836155187527,-16.17616128321845
87,13,-1,-143.99281530266,-15.659553503222712
88,13,-1,-142.06262794947577,-15.203445244701456
89,13,-1,-141.09807249877502,-15.015185994684828
90,13,-1,-139.16524754462216,-14.751732587589984
91,13,-1,-138.1924746135605,-14.689444952115311
92,13,-1,-136.2179179823722,-14.73803932116472
93,13,-1,-134.20213000265,-15.053755573255984
94,13,-1,-133.18610684861184,-15.310845122464341
95,13,-1,-131.15637134889332,-15.985830741767414
96,13,-1,-129.15360221112843,-16.7791226545706
97,13,-1,-127.20876761419036,-17.558028570576553
98,13,-1,-125.35421118120576,-18.213063773097385
99,13,-1,-123.63118971972237,-18.68851238801133
100,13,-1,-122.08832458946866,-19.004146184833957
101,13,-1,-120.7515036395314,-19.222869893948168
102,13,-1,-119.62340231774195,-19.408466937693234
103,13,-1,-118.68114616947166,-19.607180787732332
104,13,-1,-117.86121716022994,-19.856668968332116
105,13,-1,-117.0214096677979,-20.165804158774748
106,13,-1,-115.99348600891283,-20.53001937333154
107,13,-1,-114.64835583669446,-20.955226574978738
108,13,-1,-112.91686270252632,-21.48602358417462
109,13,-1,-110.78962776777813,-22.138429668403656
110,13,-1,-108.28688076782088,-22.866437360385476
111,13,-1,-105.46671297131029,-23.58062349526996
112,13,-1,-102.3985782069182,-24.183330617371652
113,13,-1,-99.1516306544852,-24.58636230010679
114,13,-1,-95.8111549417069,-24.76003528359503
115,13,-1,-92.49140360070258,-24.74132840351513
116,13,-1,-89.30791238418004,-24.596820089282318
117,13,-1,-86.35242560795058,-24.395591670726134
118,13,-1,-83.68133628688149,-24.201071217688753
119,13,-1,-81.31129864136737,-24.082584080863057
120,13,-1,-79.21462921823166,-24.0732101823331
121,13,-1,-77.34209500970877,-24.140526079308472
122,13,-1,-75.65727998068071,-24.208397799658822
123,13,-1,-74.14326426843903,-24.220679341028372
124,13,-1,-72.77199879990235,-24.12322400290887
125,13,-1,-71.47957437983591,-23.935560433847154
126,13,-1,-70.1979200016529,-23.707030194859385
127,13,-1,-68.87797879011201,-23.462443566843675
128,13,-1,-67.47440053057487,-23.252030893347285
129,13,-1,-65.96386403671396,-23.147885817004624
130,13,-1,-64.33398460298156,-23.163058625290475
131,13,-1,-62.58243258998874,-23.24550944308828
132,13,-1,-60.695512861863406,-23.357918711574285
133,13,-1,-58.66426246981568,-23.497435411567395
134,13,-1,-56.49777712736837,-23.66980192355325
135,13,-1,-54.19718161916139,-23.864195698932647
136,13,-1,-51.78032631865651,-24.08112159347301
137,13,-1,-49.90741288945165,-24.241612295697998
138,13,-1,-49.276844868466775,-24.29230765316393
139,13,-1,-46.72023937780079,-24.44516635122244
140,13,-1,-44.15639508166155,-24.48943679743553
141,13,-1,-41.602036961316664,-24.437750206040562
142,13,-1,-39.05546723187407,-24.328590912634624
143,13,-1,-36.50570080598626,-24.156946679445397
144,13,-1,-33.9500714449982,-23.90625341027976
145,13,-1,-31.393800154048048,-23.559636521523075
146,13,-1,-30.115210669280764,-23.334060780294536
147,13,-1,-27.554080390152606,-22.7384221573776
148,13,-1,-24.983272325021428,-21.93059412038579
149,13,-1,-22.415624279392066,-20.975197243535447
150,13,-1,-20.503544362981277,-20.212303551403526
151,13,-1,-19.86868359860008,-19.955891683645717
152,13,-1,-17.362611157044654,-18.923148233547238
153,13,-1,-14.914523371776854,-17.89021881314721
154,13,-1,-12.549864448298019,-16.91177351463766
155,13,-1,-10.301410360023624,-16.07284570259779
156,13,-1,-8.172432845765416,-15.372280643534994
157,13,-1,-6.146354548553889,-14.738273463663178
158,13,-1,-4.210175855077773,-14.142679937820134
159,13,-1,-2.346426877050494,-13.596988157691085
160,13,-1,-0.5299102030835745,-13.092319697164768
161,13,-1,1.26200352650951,-12.607090845280311
160,9,-1,7.747113952577758,-19.481746540916276
161,9,-1,8.483768828917718,-19.39523488422188
162,9,-1,8.976720435013824,-19.333799104391147
163,9,-1,10.17770633022166,-19.19352189879554
164,9,-1,11.628749771532412,-19.081975088613458
165,9,-1,12.433120827155568,-19.050669728448156
166,9,-1,14.162052660239775,-19.050806757301615
167,9,-1,15.069076794076071,-19.074472279775748
168,9,-1,16.938031136455976,-19.095230861243223
169,9,-1,18.875175801496752,-19.024717999479524
170,9,-1,19.87155432539668,-18.95495167291773
171,9,-1,21.925314216372616,-18.770718924291728
172,9,-1,22.983343355883065,-18.67165298052916
173,9,-1,25.15494694999514,-18.495502499649874
174,9,-1,27.38664154325729,-18.37116920475043
175,9,-1,28.519420321093254,-18.327891962302715
176,9,-1,30.80437933991771,-18.25415153815203
177,9,-1,31.94838341189695,-18.210596065530495
178,9,-1,34.21648636384447,-18.087971439555698
179,9,-1,36.433796134504426,-17.914441831570727
180,9,-1,37.51825317201881,-17.816235150174283
181,9,-1,39.63462806171437,-17.62814940844217
182,9,-1,40.665589824145094,-17.556121920654416
183,9,-1,42.67897550459323,-17.487868578205664
184,9,-1,43.77678329963258,-17.497717384851914
185,9,-1,43.99431836704315,-17.505151832043374
186,9,-1,44.21185343445373,-17.512586279234842
187,9,-1,44.42938850186431,-17.520020726426303
188,9,-1,44.64692356927488,-17.527455173617767
209,13,-1,3.5726334218245945,-25.173414815893693
210,13,-1,3.6805782442477644,-24.88491599075225
211,13,-1,3.827521938631163,-24.466016701305833
212,13,-1,3.9090661096267003,-24.221717620853923
213,13,-1,4.0810101091170585,-23.682684510144355
214,13,-1,4.262264349082494,-23.09929953549546
215,13,-1,4.45030088462943,-22.490530040641573
216,13,-1,4.542923274346813,-22.168485044823626
217,13,-1,4.715111482930671,-21.464666572234915
218,13,-1,4.790495606926745,-21.07922221097138
219,13,-1,4.927206565164632,-20.252697075790834
220,13,-1,135.12118192679023,-42.19121755937388
221,13,-1,135.02594134415347,-42.215499850343946
222,13,-1,134.86650899284217,-42.22523916185301
223,13,-1,134.65149517357955,-42.15487972010245
224,13,-1,134.40653558138467,-41.985773204871435
225,13,-1,134.17064301975375,-41.75613519369472
226,13,-1,133.96958030028333,-41.537991987770056
227,13,-1,133.78843890702177,-41.4210189415098
228,13,-1,133.5966203253359,-41.4174970840501
229,13,-1,133.38124487013954,-41.51232762826041
230,13,-1,133.14273473561047,-41.68818410695257
231,13,-1,132.85697707023283,-41.91200139233277
232,13,-1,132.52210838417952,-42.20167703758355
233,13,-1,132.16502051588182,-42.530121420516764
234,13,-1,131.8094475509901,-42.857947822091695
235,13,-1,131.454080083297,-43.185334399798336
236,13,-1,131.09871261560386,-43.51272097750498
237,13,-1,130.9210288817573,-43.67641426635831
234,8,-1,-3.3045496044069087,-16.87204972541582
235,8,-1,-3.307702620688371,-16.810174410820167
236,8,-1,-3.312175504250505,-16.708522108270174
237,8,-1,-3.3146319239116084,-16.65106645900279
238,8,-1,-3.3173541501778763,-16.587257540826027
239,8,-1,-3.317849100408107,-16.57565591933934
240,8,-1,-3.3183440506383373,-16.564054297852657
241,8,-1,-3.318839000868568,-16.552452676365974
242,8,-1,-3.3193339510987987,-16.540851054879287
243,8,-1,-3.319581426213914,-16.535050244135945
244,8,-1,-3.3200313809686874,-16.524503315511684
245,8,-1,-3.320481335723461,-16.513956386887426
246,8,-1,-3.3209312904782347,-16.503409458263167
247,8,-1,-3.3213812452330083,-16.49286252963891
248,8,-1,-3.321831199987782,-16.48231560101465
249,8,-1,-3.3220561773651682,-16.477042136702522
250,8,-1,-3.3224097132439043,-16.46875526421203
251,8,-1,-3.3227632491226404,-16.460468391721545
252,8,-1,-3.3231167850013765,-16.452181519231058
253,8,-1,-3.323470320880112,-16.443894646740564
254,8,-1,-3.3238238567588483,-16.435607774250077
255,8,-1,-3.324177392637585,-16.427320901759586
256,8,-1,-3.324530928516321,-16.4190340292691
257,8,-1,-3.3270056796674736,-16.361025921835676
258,8,-1,-3.3282430552430498,-16.332021868118964
259,8,-1,-3.3294804308186263,-16.303017814402253
260,8,-1,-3.3319551819698296,-16.24500970696883
261,8,-1,-3.3323359129161614,-16.236085382748303
262,8,-1,-3.3327166438624922,-16.227161058527777
263,8,-1,-3.333097374808823,-16.21823673430725
264,8,-1,-3.3334781057551544,-16.209312410086724
265,8,-1,-3.3338588367014856,-16.200388085866194
266,8,-1,-3.3342395676478174,-16.19146376164567
267,8,-1,-3.3344299331209823,-16.187001599535407
249,7,-1,-30.461400677877805,-1.4999364954817336
250,7,-1,-30.46184023179001,-1.5016187727283392
251,7,-1,-30.46227978570221,-1.5033010499749448
252,7,-1,-30.462719339614416,-1.5049833272215503
253,7,-1,-30.463158893526618,-1.506665604468156
254,7,-1,-30.463598447438823,-1.5083478817147613
255,7,-1,-30.464038001351025,-1.510030158961367
256,7,-1,-30.46447755526323,-1.5117124362079721
257,7,-1,-30.47220358326663,-1.5272802616566425
258,7,-1,-30.478004061947647,-1.5360875279445028
259,7,-1,-30.483804540628665,-1.5448947942323628
260,7,-1,-30.496139041114304,-1.562896299082965
261,7,-1,-30.498036656573632,-1.5656657613676728
262,7,-1,-30.499934272032963,-1.5684352236523809
263,7,-1,-30.50183188749229,-1.571204685937089
264,7,-1,-30.503729502951618,-1.573974148221797
265,7,-1,-30.50562711841095,-1.576743610506505
266,7,-1,-30.507524733870277,-1.579513072791213
267,7,-1,-30.508473541599944,-1.5808978039335668
268,7,-1,-30.53314254257117,-1.6169008136347713
269,7,-1,-30.557811543542446,-1.6529038233359756
268,1,-1,-43.32327417229322,-28.18314567365884
269,1,-1,-43.07009439282901,-28.289175404099055
270,1,-1,-42.66038141699173,-28.50167025367365
271,1,-1,-42.11826069665081,-28.826708809037804
272,1,-1,-41.452673522444194,-29.263552712265565
273,1,-1,-40.671687689083754,-29.811190883205228
274,1,-1,-39.78337099128145,-30.468612241705088
275,1,-1,-38.79579122374907,-31.23480570761342
276,1,-1,-37.71669180639052,-32.10874341810086
277,1,-1,-36.55130963337268,-33.08550858559103
284,1,-1,-39.55254922481454,-31.788902256576534
285,1,-1,-39.62616387828259,-31.772343986985764
286,1,-1,-39.732494580415974,-31.74137504821065
287,1,-1,-39.865862739933846,-31.699422945975925
288,1,-1,-40.02058976555556,-31.649915186006382
289,1,-1,-40.19099706600057,-31.59627927402678
290,1,-1,-40.37140604998819,-31.541942715761888
271,7,-1,-29.600931175052164,-43.1107544480194
272,7,-1,-29.599627312521065,-43.15682423384707
273,7,-1,-29.585101479966347,-43.19863443531014
274,7,-1,-29.548439732638737,-43.24249920848311
275,7,-1,-29.492710328646943,-43.306908060472324
276,7,-1,-29.422766338694974,-43.41045969137039
277,7,-1,-29.345324728186966,-43.52788332971946
278,7,-1,-29.268540094586633,-43.620857771079216
279,7,-1,-29.20078998175103,-43.65131454594285
280,7,-1,-29.152607750426505,-43.600546088187
281,7,-1,-29.129413107435745,-43.50087614751743
282,7,-1,-29.13194282510699,-43.38204719566459
283,7,-1,-29.152111298883792,-43.229226178146746
284,7,-1,-29.18606400243287,-43.03680544559478
285,7,-1,-29.249940685802375,-42.8151206702463
286,7,-1,-29.358197238997796,-42.573967269678576
287,7,-1,-29.50924711055603,-42.32378769126535
288,7,-1,-29.688531511085372,-42.074171723358894
289,7,-1,-29.877503835121296,-41.82837089643991
290,7,-1,-30.04985940689273,-41.59577488728951
291,7,-1,-30.177261696021027,-41.418813662401504
292,7,-1,-30.23688095587681,-41.32918783802469
293,7,-1,-30.24439589422374,-41.322412247394624
294,7,-1,-30.235196152687685,-41.3587293170325
295,7,-1,-30.23494242422172,-41.39449178390021
296,7,-1,-30.249630655275446,-41.397507845792404
297,7,-1,-30.274659159060228,-41.382904889306786
298,7,-1,-30.289331075302073,-41.41028663975786
299,7,-1,-30.288916949376933,-41.47799819838369
300,7,-1,-30.29276285040285,-41.5352868785298
301,7,-1,-30.3181577964276,-41.55628428992418
302,7,-1,-30.37972317766944,-41.53378065594225
303,7,-1,-30.483943719660626,-41.456642112671965
304,7,-1,-30.606473877495397,-41.3227734735082
305,7,-1,-30.715332555891585,-41.17194098940153
306,7,-1,-30.812956177307985,-41.01876376132219
307,7,-1,-30.913621737593736,-40.85992012453419
308,7,-1,-31.041614339533854,-40.664755758042304
309,7,-1,-31.205828610078004,-40.43966913213387
310,7,-1,-31.391193364213805,-40.23808214538872
311,7,-1,-31.549249368409022,-40.11881413449714
312,7,-1,-31.601965326630424,-40.13582399045077
313,7,-1,-31.481382682596035,-40.312227021172134
314,7,-1,-31.201475570062517,-40.59614111939541
315,7,-1,-30.835577608758477,-40.90103123703535
316,7,-1,-30.453629991795076,-41.188532758600985
317,7,-1,-30.113270356106725,-41.424012168422536
318,7,-1,-29.83886882855595,-41.570230219906506
319,7,-1,-29.638094691794088,-41.62774510216789
320,7,-1,-29.520797870684092,-41.615589045161045
321,7,-1,-29.496090198569263,-41.54367317916717
322,7,-1,-29.517461330873672,-41.47913756974353
323,7,-1,-29.622179341329524,-41.28217730547749
324,7,-1,-29.702875564059237,-41.15577210923076
325,7,-1,-29.914590289828276,-40.893030318368346
326,7,-1,-30.18040984277948,-40.69937999925443
327,7,-1,-30.328066127294584,-40.66237114724458
328,7,-1,-30.6405626422485,-40.741588787094486
329,7,-1,-30.804741698147588,-40.851949464752465
330,7,-1,-31.152727650627817,-41.16658939998725
331,7,-1,-31.52982999697141,-41.50259389365837
332,7,-1,-31.726805250180927,-41.65072892325035
333,7,-1,-32.12367702996886,-41.8802133152067
334,7,-1,-32.31392858369782,-41.95404351684696
335,7,-1,-32.640871881409474,-42.01008388023282
336,7,-1,-32.82792834982564,-41.980799578415514
337,7,-1,-32.840410894743194,-41.94927029733713
338,7,-1,-32.69673135188143,-41.83121034566829
339,7,-1,-32.55619414325867,-41.72527982835783
340,7,-1,-32.19918750743943,-41.41181509981331
341,7,-1,-31.825336641289834,-41.00092242451095
342,7,-1,-31.653739291258216,-40.776643327718375
343,7,-1,-31.365689788186955,-40.3446658686255
344,7,-1,-31.251474418914693,-40.14998926097181
345,7,-1,-31.06852620018378,-39.83554909221629
346,7,-1,-30.918976084725937,-39.67798324661777
347,7,-1,-30.853044593691894,-39.669402549252766
348,7,-1,-30.764269137791583,-39.757780950979935
349,7,-1,-30.748896716673503,-39.830828665599284
350,7,-1,-30.781683650283775,-40.00524499298237
351,7,-1,-30.879549587943227,-40.221441802402836
352,7,-1,-30.939469106867065,-40.35192255303855
353,7,-1,-31.046233473416553,-40.6769399257405
354,7,-1,-31.083716673377204,-40.86676770256426
355,7,-1,-31.11992032272273,-41.25755096375903
356,7,-1,-31.107128135538996,-41.5704506258248
357,7,-1,-31.089886465742577,-41.673002550597715
358,7,-1,-31.056193270095743,-41.746689955027904
359,7,-1,-31.045471753867268,-41.72322619324888
367,1,-1,-40.41013097552155,-29.33057785391248
368,1,-1,-40.31845855960938,-29.44352301008479
369,1,-1,-40.253225255429776,-29.545554581311197
370,1,-1,-40.08965646973848,-29.83328799161016
371,1,-1,-39.88139194833494,-30.220197589711773
372,1,-1,-39.76028897451518,-30.446199395691472
373,1,-1,-39.48372197618762,-30.95400889451443
374,1,-1,-39.328090101898994,-31.23210133656003
375,1,-1,-38.98170997862042,-31.827373478925296
376,1,-1,-38.58794852313719,-32.46237779633035
377,1,-1,-38.373363673938414,-32.789620284899264
378,1,-1,-37.918533706068594,-33.45167488504924
379,1,-1,-37.68905054088732,-33.78164844158144
380,1,-1,-37.24760601930268,-34.41932892761649
381,1,-1,-36.8512466613288,-35.004527585452394
382,1,-1,-36.67811995066085,-35.26889885673566
383,1,-1,-36.391447684744136,-35.730479715517475
360,4,-1,-31.718734843080615,-38.400911520876036
361,4,-1,-31.434813085881647,-38.742027962754
362,4,-1,-31.232368952114047,-39.0044203165171
363,4,-1,-30.749761186516853,-39.6024840784438
364,4,-1,-30.490533389625057,-39.90746966943081
365,4,-1,-29.976242628814557,-40.47979818189708
366,4,-1,-29.498329260785564,-40.964405318749215
367,4,-1,-29.28135103938665,-41.16655978948384
368,4,-1,-28.903209227077788,-41.502271885324035
369,4,-1,-28.744848516269958,-41.64774442615328
370,4,-1,-28.486972957510712,-41.915041026255466
371,4,-1,-28.301306603651458,-42.173060033553156
372,4,-1,-28.231375834685018,-42.2969714656864
373,4,-1,-28.12443327728567,-42.511521061789864
374,4,-1,-28.083899359658147,-42.60275584815858
375,4,-1,-28.028529664370694,-42.75794462484771
376,4,-1,-28.026517939686666,-42.87065472394508
377,4,-1,-28.050261200772717,-42.90687781047552
378,4,-1,-28.140082501067383,-42.9332742833827
379,4,-1,-28.20123094917004,-42.925921374621055
380,4,-1,-28.342501224989803,-42.88367035031746
381,4,-1,-28.49167137770311,-42.82325530620696
382,4,-1,-28.566689271836072,-42.79183996867724
383,4,-1,-28.723411089067717,-42.72368678673151
384,4,-1,-28.894921428074447,-42.63751418452043
385,4,-1,-29.08446166823401,-42.52931019381368
386,4,-1,-29.290212710401097,-42.40983546388341
387,4,-1,-29.502243793962055,-42.27786510980232
388,4,-1,-29.71849871557127,-42.1189744259376
389,4,-1,-29.937773437658773,-41.914412229358895
390,4,-1,-30.1582171018748,-41.6463104046664
391,4,-1,-30.373878197769596,-41.32278024964512
392,4,-1,-30.569809239891597,-40.98532902426575
393,4,-1,-30.71781316954519,-40.69325979600188
394,4,-1,-30.7801875866373,-40.51716517164164
395,4,-1,-30.73513898267937,-40.478834687102335
396,4,-1,-30.61883823745229,-40.53341025875841
397,4,-1,-30.489259651132706,-40.62884101482007
398,4,-1,-30.380117238243876,-40.69631066473167
399,4,-1,-30.28700724454842,-40.70279972327878
400,4,-1,-30.19052479341694,-40.67296080710394
401,4,-1,-30.086582890550766,-40.63840725894727
402,4,-1,-30.00140212271701,-40.60277818187336
403,4,-1,-29.96447761598142,-40.55418156354182
404,4,-1,-29.98949560185151,-40.46425161600595
405,4,-1,-30.078371215053036,-40.32249958223003
406,4,-1,-30.210799222784914,-40.12701051358709
407,4,-1,-30.343074068962913,-39.91535517308131
408,4,-1,-30.418918205053505,-39.78579469166948
409,4,-1,-30.400895511765796,-39.818981815735015
410,4,-1,-30.31405960963136,-40.026076638181394
411,4,-1,-30.207951380361433,-40.34155597876321
412,4,-1,-30.13126939587953,-40.68946702348535
413,4,-1,-30.119896458233207,-41.00333422082741
414,4,-1,-30.193449018134178,-41.229779360101446
415,4,-1,-30.350481188932925,-41.350218716636306
416,4,-1,-30.57210217603174,-41.33896056720268
417,4,-1,-30.85939748415548,-41.174126470840235
418,4,-1,-31.240420790172298,-40.84558379457231
419,4,-1,-31.252618016781472,-40.83326987017089
420,4,-1,-31.264815243390647,-40.82095594576945
421,4,-1,-31.27701246999982,-40.80864202136802
422,4,-1,-31.289209696608996,-40.79632809696658
423,4,-1,-31.301406923218163,-40.78401417256516
424,4,-1,-31.313604149827338,-40.771700248163725
425,4,-1,-31.325801376436512,-40.75938632376229
426,4,-1,-31.337998603045687,-40.74707239936086
427,4,-1,-31.35019582965486,-40.73475847495943
428,4,-1,-31.36239305626404,-40.722444550557995
429,4,-1,-31.374590282873214,-40.71013062615656
430,4,-1,-31.38678750948239,-40.69781670175513
431,4,-1,-31.398984736091563,-40.685502777353705
432,4,-1,-31.411181962700734,-40.673188852952265
433,4,-1,-31.423379189309905,-40.66087492855084
434,4,-1,-31.43557641591908,-40.6485610041494
435,4,-1,-31.447773642528254,-40.636247079747974
436,4,-1,-31.45997086913743,-40.62393315534654
437,4,-1,-31.472168095746603,-40.61161923094511
445,11,-1,159.29124302575045,-10.38735390256528
446,11,-1,158.889717454432,-10.6029379110107
447,11,-1,158.30217916353905,-10.979599235406965
448,11,-1,157.5502385083249,-11.487395808909014
449,11,-1,156.65807686052514,-12.056783460078577
450,11,-1,155.64757589520073,-12.592747022597862
451,11,-1,154.541465911572,-13.033431017496
452,11,-1,153.36422749627638,-13.341848533566065
453,11,-1,152.1386456148462,-13.523789912004032
454,11,-1,150.8855403660096,-13.63348404103236
455,11,-1,149.62981229004612,-13.750342232420323
456,11,-1,148.3846986320452,-13.940395004126472
457,11,-1,147.14916395584947,-14.236960889228683
458,11,-1,145.92013046793068,-14.624429586441025
459,11,-1,144.68761812883542,-15.074836829949529
460,11,-1,143.45162101938533,-15.544210396589733
461,11,-1,143.4067321659229,-6.884946569168278
462,11,-1,143.0638694620277,-7.4028968647568965
463,11,-1,142.51428462614282,-8.350938869849386
464,11,-1,141.8006360010389,-9.620913517532443
465,11,-1,140.95714476792904,-11.138653727341207
466,11,-1,140.0082017100202,-12.890011479548505
467,11,-1,138.98442001145176,-14.819204376228557
468,11,-1,137.92373024384463,-16.851328872362586
469,11,-1,136.85796345260027,-18.917985543946614
470,3,-1,133.82616287600587,-12.104479819275795
471,3,-1,133.56839179625788,-12.184035993247575
472,3,-1,133.16355947231935,-12.346665509696024
473,3,-1,132.6423550988116,-12.573994524796177
474,3,-1,132.03126462536494,-12.864607925439586
475,3,-1,131.3496993105407,-13.22606595081419
476,3,-1,130.61604386557235,-13.65251201921214
477,3,-1,129.847779952399,-14.145963414880866
478,3,-1,129.05631778237242,-14.676290521143969
479,3,-1,128.24433712700247,-15.19290198435722
480,3,-1,127.39817933704857,-15.621031743229082
481,3,-1,126.49257515723085,-15.896991223516778
482,3,-1,125.51217590576704,-16.00881510659883
483,3,-1,124.4659383492913,-15.978134254897226
484,3,-1,123.37507878684632,-15.8356622050603
485,3,-1,122.26683725980277,-15.625086213685561
486,3,-1,121.1631554077022,-15.42877576565293
487,3,-1,120.08417105959946,-15.332905699662494
488,3,-1,119.04671848211753,-15.354865312909352
489,3,-1,118.02996624300937,-15.417187759104836
490,3,-1,116.97515691324362,-15.428361294194742
491,3,-1,115.83722719182049,-15.383387544110974
492,3,-1,114.59052550652947,-15.304971014499728
493,3,-1,113.22140965480779,-15.184862787771396
494,3,-1,111.72432134813955,-14.994669635722673
495,3,-1,110.11020014847638,-14.767136308264625
496,3,-1,108.40128913311484,-14.580133392535643
497,3,-1,106.63751157844158,-14.460061339483872
498,3,-1,104.86078344048471,-14.374432246646323
499,3,-1,103.0831671390978,-14.293858979932352
499,3,-1,-27.602078304719974,-10.031628299508055
500,3,-1,-27.70781831674818,-10.020830256990122
501,3,-1,-27.74711111779982,-10.015261749586228
502,3,-1,-27.78640391885146,-10.009693242182337
503,3,-1,-27.88696781851721,-9.981071849238107
504,3,-1,-28.06523271877336,-9.843438326578024
505,3,-1,-28.201450511137995,-9.588203844926596
506,3,-1,-28.25469794442581,-9.432885919403574
507,3,-1,-28.300860739214862,-9.267343296285716
508,3,-1,-28.376951210382085,-8.913517852452756
509,3,-1,-28.43776157010403,-8.53828986970477
510,3,-1,-28.490931874103396,-8.152360617499255
511,3,-1,-28.508230861229663,-8.023123018460893
508,3,-1,-31.660230554867365,-17.982835008961686
509,3,-1,-31.658314070199843,-17.698587512240227
510,3,-1,-31.654086576361127,-17.171016645799966
511,3,-1,-31.651350112137816,-16.949200609076485
512,3,-1,-31.649981880026164,-16.838292590714744
513,3,-1,-31.634357333248563,-16.080759420300126
514,3,-1,-31.606396637513605,-15.252313089138312
515,3,-1,-31.58443204532115,-14.750069613440326
516,3,-1,-31.576277623813233,-14.585561109564377
517,3,-1,-31.56812320230532,-14.42105260568843
518,3,-1,-31.5450565437137,-14.027397144547265
519,3,-1,-31.491730194728873,-13.329842037704168
520,3,-1,-31.43177964367411,-12.81887164704878
521,3,-1,-31.416285052805353,-12.751896164674855
522,3,-1,-31.4007904619366,-12.68492068230093
523,3,-1,-31.39304316650222,-12.651432941113967
524,3,-1,-31.281413563257818,-12.479152116108978
525,3,-1,-31.151336252603357,-12.46840117124384
526,3,-1,-31.042963499447985,-12.576842828740778
527,3,-1,-31.023200570148813,-12.621184640289584
528,3,-1,-31.00343764084964,-12.665526451838389
529,3,-1,-30.972814551850043,-12.763302059535974
530,3,-1,-30.929455990408716,-12.95015261061839
531,3,-1,-30.908746733617253,-13.032497187680958
532,3,-1,-30.903256550257602,-13.049041035770657
533,3,-1,-30.897766366897965,-13.065584883860351
534,3,-1,-30.892276183538314,-13.08212873195005
535,3,-1,-30.8696427959262,-13.12512403348053
536,3,-1,-30.808036476453946,-13.17413656534383
537,3,-1,-30.759477386106365,-13.181656794018668
538,3,-1,-30.741624859434523,-13.180338305991663
539,3,-1,-30.723772332762685,-13.179019817964658
540,3,-1,-30.675150618108674,-13.16367758501417
541,3,-1,-30.571777805502098,-13.098564615028167
542,3,-1,-30.47784335513624,-13.00891876430775
543,3,-1,-30.435695805363334,-12.960298662151631
544,3,-1,-30.423920533640544,-12.945252929906696
545,3,-1,-30.412145261917765,-12.930207197661758
546,3,-1,-30.387185288193553,-12.887135906282381
547,3,-1,-30.345353629569747,-12.761960554229631
548,3,-1,-30.327056322418183,-12.677848231611335
549,3,-1,-30.32315742600086,-12.653494936850125
550,3,-1,-30.319258529583543,-12.629141642088909
551,3,-1,-30.315359633166217,-12.604788347327698
552,3,-1,-30.311460736748895,-12.580435052566486
553,3,-1,-30.300642364283522,-12.473255430828843
554,3,-1,-30.29550580357341,-12.225794785014429
555,3,-1,-30.311170455447943,-11.931469053495334
556,3,-1,-30.316556796283788,-11.852556070931753
557,3,-1,-30.321943137119636,-11.773643088368177
558,3,-1,-30.33089551294322,-11.616185970613387
559,3,-1,-30.340492954292106,-11.311801965876912
560,3,-1,-30.341773408970333,-11.162157279607625
561,3,-1,-30.34174783813448,-11.154250785598723
562,3,-1,-30.34172226729862,-11.146344291589825
563,3,-1,-30.341696696462765,-11.138437797580925
564,3,-1,-30.341671125626913,-11.130531303572026
565,3,-1,-30.341645554791054,-11.122624809563126
566,3,-1,-30.341619983955198,-11.114718315554224
567,3,-1,-30.34159441311934,-11.106811821545325
568,3,-1,-30.341568842283486,-11.098905327536425
569,3,-1,-30.341543271447634,-11.090998833527525
570,3,-1,-30.34151770061178,-11.083092339518627
571,3,-1,-30.341492129775922,-11.075185845509726
572,3,-1,-30.341466558940066,-11.067279351500826
573,3,-1,-30.34144098810421,-11.059372857491926
574,3,-1,-30.341415417268355,-11.051466363483026
575,3,-1,-30.3413898464325,-11.043559869474128
576,3,-1,-30.341364275596643,-11.035653375465227
577,3,-1,-30.341338704760787,-11.027746881456329
578,3,-1,-30.34132591934286,-11.023793634451877
579,3,-1,-30.34073411554229,-10.977198307174643
580,3,-1,-30.34014231174171,-10.930602979897404
581,3,-1,-30.339550507941144,-10.88400765262017
582,3,-1,-30.339444421182243,-10.878483704288994
583,3,-1,-30.339232247664437,-10.867435807626643
584,3,-1,-30.339020074146624,-10.856387910964292
585,3,-1,-30.338807900628822,-10.845340014301941
586,3,-1,-30.338595727111013,-10.83429211763959
587,3,-1,-30.338383553593204,-10.823244220977239
588,3,-1,-30.338171380075398,-10.812196324314888
589,3,-1,-30.33795920655759,-10.801148427652537
590,3,-1,-30.337747033039783,-10.790100530990188
591,3,-1,-30.337534859521973,-10.779052634327837
592,3,-1,-30.337322686004168,-10.768004737665485
593,3,-1,-30.33711051248636,-10.756956841003134
594,3,-1,-30.33689833896855,-10.745908944340783
