14,7,-1,-5.937360701765809,-5.599634317425895
15,7,-1,-5.684804046994824,-5.302928501859029
16,7,-1,-5.43577132654512,-5.007602614062449
17,7,-1,-5.198714887883936,-4.7247322170234725
18,7,-1,-4.980000733803119,-4.463701078348109
19,7,-1,-4.980000733803119,-4.463701078348109
20,7,-1,-4.7890822768911425,-4.225655691068127
21,7,-1,-4.640324498101758,-3.9973327512554846
22,7,-1,-4.640324498101758,-3.9973327512554846
23,7,-1,-4.616059180014962,-3.9415927365052785
24,7,-1,-4.591793861928166,-3.885852721755072
25,7,-1,-4.56752854384137,-3.830112707004865
26,7,-1,-4.543263225754575,-3.7743726922546594
27,7,-1,-4.543263225754575,-3.7743726922546594
28,7,-1,-4.504028617485836,-3.5650025757142174
29,7,-1,-4.52520856189588,-3.3866760674760172
30,7,-1,-4.608701581086167,-3.2567814856376884
31,7,-1,-4.7547734511975355,-3.191233669779507
32,7,-1,-4.963665119435843,-3.186692913688958
33,7,-1,-5.232794796540033,-3.2420566280622864
34,7,-1,-5.232794796540033,-3.2420566280622864
35,7,-1,-5.553531775903951,-3.354073948671015
36,7,-1,-5.915609416057879,-3.513694631736584
37,7,-1,-6.113723166804282,-3.609264746931771
38,7,-1,-6.311836917550686,-3.704834862126958
39,7,-1,-6.311836917550686,-3.704834862126958
40,7,-1,-6.7358970225802315,-3.9104968421810606
41,7,-1,-7.180614068281621,-4.118205767240923
42,7,-1,-7.180614068281621,-4.118205767240923
43,7,-1,-7.407960043963965,-4.221452844875934
44,7,-1,-7.6353060196463085,-4.324699922510945
46,1,-1,-115.319458289383,-5.277548182941261
47,1,-1,-112.28815137239694,-6.613399021372685
48,1,-1,-110.7558340550366,-7.294238357641183
49,1,-1,-109.22351673767626,-7.975077693909682
50,1,-1,-109.22351673767626,-7.975077693909682
51,1,-1,-106.13646597074005,-9.352383600129825
52,1,-1,-103.03335323457532,-10.727939965869936
53,1,-1,-99.91699123997125,-12.092348480008866
54,1,-1,-96.79349452959504,-13.449720875591225
118,2,-1,-6.508347630179181,0.7631558130859019
119,2,-1,-6.576958039380845,0.7844568150878075
120,2,-1,-6.643062707848363,0.8092517417026244
121,2,-1,-6.704322239359366,0.835591139116346
122,2,-1,-6.7567847117120525,0.8604038718863904
123,2,-1,-6.799939133923206,0.8869718617619782
124,2,-1,-6.834626791349896,0.9206014077691834
125,2,-1,-6.862559360151862,0.9667942690838061
126,2,-1,-6.884473780245107,1.0268741623722093
127,2,-1,-6.90078903582716,1.1010376289549413
128,2,-1,-6.911924111095455,1.1894812101525503
129,2,-1,-6.911924111095455,1.1894812101525503
130,2,-1,-6.918297990247416,1.292401447285556
131,2,-1,-6.9198193326490225,1.4072502561204348
132,2,-1,-6.9154142003938865,1.5225760114530118
133,2,-1,-6.907733138959702,1.6324823075078
134,2,-1,-6.907733138959702,1.6324823075078
135,2,-1,-6.899794968231101,1.7353247578112132
164,0,-1,48.30497051012736,-3.1374466954169833
165,0,-1,48.301777219961295,-3.1148901548193275
166,0,-1,48.29858392979523,-3.092333614221672
167,0,-1,48.29539063962917,-3.0697770736240173
168,0,-1,48.2921973494631,-3.0472205330263615
169,0,-1,48.289004059297035,-3.024663992428706
170,0,-1,48.285810769130975,-3.0021074518310513
59,12,-1,-15.903171312783606,-7.607180369586928
60,12,-1,-14.39976570048061,-7.168389902491498
61,12,-1,-14.39976570048061,-7.168389902491498
62,12,-1,-12.918340911227146,-6.714937460504913
63,12,-1,-11.494961507917736,-6.252902087407165
64,12,-1,-10.160035466751427,-5.797163141600762
65,12,-1,-8.940528647856043,-5.362572613160182
66,12,-1,-7.853333546757749,-4.95588556893145
67,12,-1,-6.908157588545505,-4.576482164632409
68,12,-1,-6.110326922853964,-4.21768412257822
69,12,-1,-6.110326922853964,-4.21768412257822
70,12,-1,-5.459623341416644,-3.8672364361882074
71,12,-1,-4.950468474752406,-3.529680095594174
72,12,-1,-4.574297552302546,-3.2273223624076626
73,12,-1,-4.318038899446425,-2.9780455950262588
74,12,-1,-4.16252507795909,-2.809506797879365
75,12,-1,-4.08914963688182,-2.730942267154134
76,12,-1,-4.081676576283646,-2.7347071588025926
77,12,-1,-4.121357517707379,-2.8025849945409647
78,12,-1,-4.194192163527562,-2.8998087585119237
79,12,-1,-4.293222994083134,-2.996936852316565
80,12,-1,-4.412228790897374,-3.0801279691188768
81,12,-1,-4.542811655846474,-3.1412938042235226
82,12,-1,-4.542811655846474,-3.1412938042235226
83,12,-1,-4.675882172001512,-3.1816779375964326
84,12,-1,-4.805864784308539,-3.1971530208497825
85,12,-1,-4.928941905844323,-3.1824838669827784
86,12,-1,-4.9871470723978835,-3.1584666371472068
87,12,-1,-5.045352238951444,-3.1344494073116347
88,12,-1,-5.045352238951444,-3.1344494073116347
89,12,-1,-5.15810544399622,-3.045501144688927
90,12,-1,-5.359335453507215,-2.7579498471939554
91,12,-1,-5.434204015970304,-2.580780390237848
92,12,-1,-5.434204015970304,-2.580780390237848
93,12,-1,-5.4776713601842735,-2.394022687442856
94,12,-1,-5.477668680312001,-2.2203166023787304
95,12,-1,-5.429256457660779,-2.0827733342060384
96,12,-1,-5.329343270692069,-2.0036495502881446
97,12,-1,-5.177018828769548,-2.0074271948657834
98,12,-1,-5.177018828769548,-2.0074271948657834
99,12,-1,-4.9837269163140085,-2.124729446517364
100,12,-1,-4.9837269163140085,-2.124729446517364
101,12,-1,-4.776107036220318,-2.373239667925731
102,12,-1,-4.577104320564716,-2.751267216339429
103,12,-1,-4.402052181015598,-3.2475655397058176
104,12,-1,-4.331585576355202,-3.53869117660674
105,12,-1,-4.261118971694805,-3.8298168135076622
106,12,-1,-4.261118971694805,-3.8298168135076622
107,12,-1,-4.160910319262533,-4.45716155619273
108,12,-1,-4.102377398625085,-5.0908263445229665
109,12,-1,-4.083240059986419,-5.699858712299629
110,12,-1,-4.100331116402917,-6.270130874755367
111,12,-1,-4.149329457806206,-6.796739091431107
112,12,-1,-4.149329457806206,-6.796739091431107
113,12,-1,-4.224880338875074,-7.27228072749557
114,12,-1,-4.224880338875074,-7.27228072749557
115,12,-1,-4.320278354574155,-7.687244316082598
116,12,-1,-4.429693917822193,-8.03534451112988
117,12,-1,-4.552002349143889,-8.321822390695743
118,12,-1,-4.6866519340437,-8.546598473924162
119,12,-1,-4.831100242630399,-8.712049702639986
120,12,-1,-4.982314707812278,-8.821796857953586
121,12,-1,-5.137262762497222,-8.87946072097536
122,12,-1,-5.292911839593625,-8.888662072815691
123,12,-1,-5.446431982975896,-8.853405665298979
124,12,-1,-5.595803680384948,-8.779232133105708
125,12,-1,-5.739210030528114,-8.672066081630334
126,12,-1,-5.876183421981529,-8.538333905947141
127,12,-1,-6.010497969332906,-8.385495201205046
128,12,-1,-6.140719726675417,-8.216839888593654
129,12,-1,-6.140719726675417,-8.216839888593654
130,12,-1,-6.257436834699638,-8.031135510679093
131,12,-1,-6.352981762030438,-7.824590366027479
132,12,-1,-6.420606963404376,-7.592966849470201
133,12,-1,-6.45496147770914,-7.33464080477394
134,12,-1,-6.45496147770914,-7.33464080477394
135,12,-1,-6.456280680438203,-7.058441871446561
136,12,-1,-6.456280680438203,-7.058441871446561
137,12,-1,-6.426196531235814,-6.775813137931251
138,12,-1,-6.367443269435679,-6.500333163666156
139,12,-1,-6.2890726796334535,-6.252657690682697
140,12,-1,-6.2082093906546945,-6.0482265352878954
141,12,-1,-6.140106582639946,-5.892123938808723
142,12,-1,-6.093544969259837,-5.776363566593076
143,12,-1,-6.070034672332631,-5.690735159231721
144,12,-1,-6.070034672332631,-5.690735159231721
145,12,-1,-6.066014003834114,-5.626254031888948
146,12,-1,-6.076327265273766,-5.572440226997912
147,12,-1,-6.092659935612405,-5.513150006673072
148,12,-1,-6.106425348256044,-5.4346738090569175
149,12,-1,-6.106425348256044,-5.4346738090569175
150,12,-1,-6.118870111671703,-5.318558875415576
151,12,-1,-6.118870111671703,-5.318558875415576
152,12,-1,-6.132730769229446,-5.148002211502784
153,12,-1,-6.146830738242933,-4.923157729831672
154,12,-1,-6.146830738242933,-4.923157729831672
155,12,-1,-6.161328176088823,-4.665789986711147
156,12,-1,-6.161328176088823,-4.665789986711147
157,12,-1,-6.178142489505537,-4.406408186653053
158,12,-1,-6.178142489505537,-4.406408186653053
159,12,-1,-6.198733998048618,-4.164167088481052
160,12,-1,-6.2244850540596275,-3.9391079828960045
161,12,-1,-6.253288019328248,-3.72316032226108
162,12,-1,-6.282599636139931,-3.5087312357845093
163,12,-1,-6.282599636139931,-3.5087312357845093
164,12,-1,-6.311911252951614,-3.2943021493079385
165,12,-1,-6.31679652242021,-3.25856396822851
166,12,-1,-6.321681791888808,-3.2228257871490817
167,12,-1,-6.326567061357404,-3.187087606069653
168,12,-1,-6.331452330826002,-3.1513494249902245
169,12,-1,-6.336337600294599,-3.1156112439107964
170,12,-1,-6.341222869763195,-3.0798730628313677
171,12,-1,-6.341222869763195,-3.0798730628313677
172,12,-1,-6.350993408700423,-3.0083967006725105
173,12,-1,-6.3607639476376505,-2.9369203385136533
174,12,-1,-6.370534486574878,-2.865443976354797
175,2,-1,41.102893863666,-11.904051278422799
176,2,-1,43.71859678125557,-10.71897413915572
177,2,-1,44.992930588531486,-10.077322155747567
178,2,-1,44.992930588531486,-10.077322155747567
179,2,-1,46.19934340832643,-9.398493520984244
180,2,-1,47.300185787567706,-8.6858745099114
181,2,-1,49.06078251971605,-7.186553764399804
182,2,-1,49.094036576510625,-7.146519022517672
183,2,-1,49.12729063330519,-7.106484280635539
184,2,-1,49.16054469009976,-7.066449538753405
185,2,-1,49.19379874689434,-7.026414796871271
186,2,-1,49.227052803688906,-6.986380054989139
187,2,-1,49.26030686048347,-6.946345313107006
188,2,-1,49.29356091727804,-6.906310571224873
189,2,-1,49.32681497407261,-6.866275829342739
190,2,-1,49.36006903086719,-6.826241087460606
191,2,-1,49.393323087661756,-6.786206345578474
192,2,-1,49.42657714445633,-6.74617160369634
193,2,-1,49.4598312012509,-6.7061368618142065
194,2,-1,49.49308525804546,-6.666102119932075
195,2,-1,49.52633931484004,-6.6260673780499415
196,2,-1,49.559593371634605,-6.5860326361678085
197,2,-1,49.592847428429174,-6.545997894285676
198,2,-1,49.62610148522375,-6.505963152403542
199,2,-1,49.65935554201832,-6.46592841052141
200,2,-1,49.69260959881289,-6.425893668639276
201,2,-1,49.69260959881289,-6.425893668639276
202,2,-1,50.16939237732136,-5.6877504677709245
203,2,-1,50.50716425154999,-4.997203801175574
204,2,-1,50.720568102341815,-4.3713583442386
205,2,-1,50.82138562562651,-3.8197979765644448
206,2,-1,50.81940879795423,-3.344927587306586
207,2,-1,50.724515955464916,-2.9464771744964793
208,2,-1,50.54607295692626,-2.6220537670507293
209,2,-1,50.293650171929336,-2.364625893441826
210,2,-1,49.97677490323879,-2.1631034489347765
211,2,-1,49.601897337173234,-2.0064639314569064
212,2,-1,49.45921356269769,-1.9671846368097428
213,2,-1,49.31652978822215,-1.9279053421625794
214,2,-1,49.173846013746605,-1.8886260475154162
215,2,-1,49.173846013746605,-1.8886260475154162
216,2,-1,48.69687405757044,-1.8051340254950927
217,2,-1,48.17485166389413,-1.7512964971837306
218,2,-1,47.61036446087102,-1.7215234404807802
219,2,-1,47.61036446087102,-1.7215234404807802
220,2,-1,47.00516055980966,-1.7116233898431688
221,2,-1,46.36085037199972,-1.7178377384023802
222,2,-1,45.67906030944698,-1.7373453267367012
223,2,-1,45.67906030944698,-1.7373453267367012
224,2,-1,44.96148078702173,-1.7710747852115105
225,2,-1,44.96148078702173,-1.7710747852115105
226,2,-1,44.20981822031038,-1.820892191639004
227,2,-1,44.20981822031038,-1.820892191639004
228,2,-1,43.425779024899356,-1.8886636238313481
229,2,-1,42.6133410648701,-1.9742924713339534
230,2,-1,42.475378887105784,-1.990215621215806
231,2,-1,42.33741670934146,-2.0061387710976577
232,2,-1,42.199454531577146,-2.0220619209795103
233,2,-1,42.06149235381284,-2.037985070861363
234,2,-1,41.923530176048516,-2.0539082207432147
235,2,-1,41.7855679982842,-2.0698313706250673
236,2,-1,41.7855679982842,-2.0698313706250673
237,2,-1,40.95523908060553,-2.167021945214259
238,2,-1,40.12491016292685,-2.26421251980345
239,2,-1,39.29458124524819,-2.3614030943926423
223,9,-1,-100.94461656291327,-3.5001225903418316
224,9,-1,-101.09997944275423,-3.9823128023719647
225,9,-1,-101.09997944275423,-3.9823128023719647
226,9,-1,-101.27100457893394,-4.4803183496001395
227,9,-1,-101.27100457893394,-4.4803183496001395
228,9,-1,-101.45440035421129,-4.986954999612536
229,9,-1,-101.6438200785208,-5.49724257223336
230,9,-1,-101.67555736448993,-5.582391915520402
231,9,-1,-101.70729465045906,-5.667541258807442
232,9,-1,-101.73903193642819,-5.752690602094482
233,9,-1,-101.7707692223973,-5.837839945381523
234,9,-1,-101.80250650836646,-5.922989288668563
235,9,-1,-101.83424379433558,-6.008138631955603
236,9,-1,-101.83424379433558,-6.008138631955603
237,9,-1,-102.02466751015035,-6.519034691677845
238,9,-1,-102.21509122596518,-7.029930751400086
239,9,-1,-102.40551494177996,-7.54082681112233
240,9,-1,-102.59593865759479,-8.051722870844571
251,0,-1,51.38886594725666,-6.754251222134357
252,0,-1,51.00044152994942,-6.00023970262491
253,0,-1,50.60696192944892,-5.232276734464165
254,0,-1,50.211002678578275,-4.457452568364828
255,0,-1,49.81466560977497,-3.6815218001274563
238,2,-1,129.79656262973336,-9.591511915100298
239,2,-1,133.42480065556995,-9.407690956013951
240,2,-1,137.09636479324118,-9.217225504983645
241,2,-1,140.80872869260895,-9.021364210515628
242,2,-1,144.5599851779851,-8.821995245477467
243,2,-1,148.3489870293891,-8.623244907361979
244,2,-1,152.1740905028319,-8.429132583316132
245,2,-1,156.03466586033392,-8.245724174778646
246,2,-1,159.93191720810825,-8.079476680916414
247,2,-1,163.8711735782194,-7.932656887326729
248,2,-1,167.8623614958463,-7.80743244250722
249,2,-1,171.9174358209467,-7.706776746913803
250,2,-1,176.03947886774503,-7.6313742425117255
251,2,-1,-179.77838795814856,-7.578281276071351
252,2,-1,-175.5450547902567,-7.543756690762804
253,2,-1,-171.269411762102,-7.524059329756213
254,2,-1,-166.96034900720716,-7.515448036221683
255,2,-1,-162.6267566590948,-7.514181653329358
256,2,-1,-158.27752485128767,-7.516519024249361
257,2,-1,-153.92020401875925,-7.518017410660206
258,2,-1,-149.55581361844634,-7.512199094007215
259,2,-1,-145.18017857000834,-7.493756544772906
260,2,-1,-140.79171396063228,-7.453011232355052
261,2,-1,-136.391795346161,-7.378597394974804
262,2,-1,-131.98444803505504,-7.26166566955304
263,2,-1,-127.57522667908852,-7.097155382799414
264,2,-1,-123.16657810024267,-6.893326526588992
265,2,-1,-118.76120005504218,-6.669715077580833
290,13,-1,-165.1923896298945,3.834303383751873
291,13,-1,-164.98935714006225,4.221534591918654
292,13,-1,-164.78780085329527,4.612706139572239
293,13,-1,-164.78780085329527,4.612706139572239
294,13,-1,-164.59640472659441,5.001759910671083
295,13,-1,-164.42764502660745,5.382609140927386
296,13,-1,-164.29487400147488,5.744321703795151
297,13,-1,-164.19821589758973,6.081427178610497
298,13,-1,-164.13481842881407,6.389945670362167
299,13,-1,-164.10455096876962,6.6649633507786055
300,13,-1,-164.10633324473028,6.905244971616995
301,13,-1,-164.11368979769074,6.976677659664091
302,13,-1,-164.12104635065117,7.048110347711186
303,13,-1,-164.1284029036116,7.119543035758284
304,13,-1,-164.1284029036116,7.119543035758284
305,13,-1,-164.16160411140345,7.316398502704288
306,13,-1,-164.19880879134593,7.503127616642601
307,13,-1,-164.23608239854568,7.684980395156984
308,13,-1,-164.23777097916093,7.693209199973637
309,13,-1,-164.23945955977618,7.701438004790288
310,13,-1,-164.2411481403914,7.709666809606941
311,13,-1,-164.24283672100665,7.7178956144235915
312,13,-1,-164.24452530162188,7.726124419240245
313,13,-1,-164.24621388223713,7.734353224056895
314,13,-1,-164.24790246285232,7.7425820288735485
315,13,-1,-164.24959104346757,7.750810833690199
316,13,-1,-164.2512796240828,7.759039638506852
317,13,-1,-164.25296820469805,7.767268443323503
318,13,-1,-164.2546567853133,7.775497248140156
319,13,-1,-164.2563453659285,7.7837260529568075
320,13,-1,-164.25803394654375,7.791954857773459
321,13,-1,-164.25972252715897,7.800183662590111
322,13,-1,-164.26141110777422,7.808412467406763
323,13,-1,-164.26309968838945,7.816641272223415
324,13,-1,-164.2647882690047,7.824870077040066
325,13,-1,-164.2664768496199,7.833098881856719
326,13,-1,-164.26816543023514,7.841327686673369
327,13,-1,-164.26985401085037,7.849556491490023
328,13,-1,-164.27154259146562,7.857785296306673
329,13,-1,-164.27323117208087,7.866014101123326
330,13,-1,-164.27323117208087,7.866014101123326
330,5,-1,9.599791161634746,-0.17923780881430673
331,5,-1,9.558917472299989,-0.4251310300439855
332,5,-1,9.519013006628327,-0.6708045430196421
333,5,-1,9.447747269131568,-1.1494754650553745
334,5,-1,9.416578318376269,-1.3728915213658297
335,5,-1,9.416578318376269,-1.3728915213658297
336,5,-1,9.387047104057146,-1.5762590152786515
337,5,-1,9.358496645376702,-1.7507231659328257
338,5,-1,9.303068133022657,-1.9844194099225514
339,5,-1,9.277577698926079,-2.038289420566784
340,5,-1,9.277577698926079,-2.038289420566784
341,5,-1,9.254515447096052,-2.049325823226923
342,5,-1,9.23542808685066,-2.019914387527507
343,5,-1,9.217146030793248,-1.8910837289029556
344,5,-1,9.221775212932478,-1.8134380644137311
345,5,-1,9.221775212932478,-1.8134380644137311
346,5,-1,9.238239740937678,-1.7319536907030224
347,5,-1,9.268224150189427,-1.6526231682845494
348,5,-1,9.370024485642086,-1.511377100079784
349,5,-1,9.442286776982186,-1.4527206871356668
350,5,-1,9.442286776982186,-1.4527206871356668
351,5,-1,9.528552669964482,-1.4156954265865949
352,5,-1,9.628752783525249,-1.414741404894755
353,5,-1,9.859023859937546,-1.5563869538087687
354,5,-1,9.976085740188136,-1.6834206096465039
355,5,-1,9.976085740188136,-1.6834206096465039
356,5,-1,10.083973972872682,-1.822555289894794
357,5,-1,10.178224291185309,-1.9574121740209165
358,5,-1,10.318272622618023,-2.1753362013081277
359,5,-1,10.36232351922111,-2.250970069399898
360,5,-1,10.36232351922111,-2.250970069399898
361,5,-1,10.387469247188925,-2.2992066696297115
362,5,-1,10.391203768867156,-2.316917327736803
363,5,-1,10.337341020353533,-2.2720386040304557
364,5,-1,10.286213818023981,-2.2220750726567218
365,5,-1,10.286213818023981,-2.2220750726567218
366,5,-1,10.223005531208546,-2.1660043832699643
367,5,-1,10.148746054744443,-2.110785477868461
368,5,-1,9.97895844619362,-1.9985539316411973
369,5,-1,9.888548361532841,-1.929643016813941
370,5,-1,9.888548361532841,-1.929643016813941
371,5,-1,9.795922044391,-1.850213749319707
372,5,-1,9.702449285967527,-1.7631271008873597
373,5,-1,9.515278495354899,-1.5859997567625754
374,5,-1,9.501909153168283,-1.5733478036108053
375,5,-1,9.488539810981667,-1.5606958504590347
376,5,-1,9.475170468795051,-1.5480438973072645
377,5,-1,9.461801126608433,-1.5353919441554942
378,5,-1,9.448431784421818,-1.522739991003724
379,5,-1,9.435062442235202,-1.5100880378519537
380,5,-1,9.421693100048586,-1.4974360847001833
381,5,-1,9.421693100048586,-1.4974360847001833
382,5,-1,9.328107704742273,-1.4088724126377912
383,5,-1,9.234522309435958,-1.320308740575399
383,12,-1,-48.80499395526198,-8.2424457125056
384,12,-1,-48.70601904250211,-7.870098765879277
385,12,-1,-48.60624984631535,-7.492221376725452
386,12,-1,-48.50397861590697,-7.11293410439815
387,12,-1,-48.39608962189099,-6.738037106272998
388,12,-1,-48.28042486102459,-6.371416624860515
389,12,-1,-48.15599035231297,-6.01511579848453
390,12,-1,-48.02328988139808,-5.664315477314872
394,11,-1,166.63932359056707,-9.190633606300906
395,11,-1,166.5461724384398,-9.015479829103853
396,11,-1,166.4582001363722,-8.834739088656008
397,11,-1,166.38842592455987,-8.640549202928781
398,11,-1,166.38842592455987,-8.640549202928781
399,11,-1,166.35080540080207,-8.422846447820575
400,11,-1,166.35080540080207,-8.422846447820575
401,11,-1,166.35040643902045,-8.188709679892668
402,11,-1,166.38135024083866,-7.944559291470809
403,11,-1,166.43681800065715,-7.694840308140883
404,11,-1,166.50994648990266,-7.447509664983145
405,11,-1,166.50994648990266,-7.447509664983145
406,11,-1,166.5939506869142,-7.214617979681648
407,11,-1,166.6823485065272,-6.988932251895918
408,11,-1,166.7713883504586,-6.764205579114417
409,11,-1,166.7713883504586,-6.764205579114417
410,11,-1,166.7763350084548,-6.75172076395989
411,11,-1,166.78128166645095,-6.739235948805361
412,11,-1,166.78622832444717,-6.726751133650834
413,11,-1,166.79117498244335,-6.714266318496307
414,11,-1,166.79612164043954,-6.7017815033417785
415,11,-1,166.80106829843572,-6.689296688187251
416,11,-1,166.80601495643194,-6.676811873032723
417,11,-1,166.8109616144281,-6.664327057878194
418,11,-1,166.81590827242428,-6.651842242723668
419,11,-1,166.82085493042047,-6.6393574275691405
420,11,-1,166.82580158841665,-6.626872612414611
421,11,-1,166.83074824641287,-6.6143877972600835
422,11,-1,166.83569490440905,-6.601902982105556
423,11,-1,166.8406415624052,-6.589418166951028
424,11,-1,166.8455882204014,-6.5769333517965
425,11,-1,166.85053487839758,-6.564448536641973
426,11,-1,166.85548153639377,-6.551963721487445
427,11,-1,166.86042819438998,-6.539478906332917
428,11,-1,166.86042819438998,-6.539478906332917
429,11,-1,166.94946803832136,-6.314752233551417
430,11,-1,167.03850788225273,-6.0900255607699165
428,3,-1,80.64981459429454,-7.985602982459809
429,3,-1,80.62553112864967,-8.169829806508275
430,3,-1,80.60049327176624,-8.362622351810657
431,3,-1,80.57113260780896,-8.572563461306814
432,3,-1,80.55211711942032,-8.69096897436372
433,3,-1,80.53310163103167,-8.809374487420627
434,3,-1,80.53310163103167,-8.809374487420627
435,3,-1,80.48440116981483,-9.080708040450745
436,3,-1,80.47140722462251,-9.157016470886793
437,3,-1,80.45841327943019,-9.233324901322838
438,3,-1,80.44541933423787,-9.309633331758883
439,3,-1,80.43242538904555,-9.385941762194932
440,3,-1,80.43242538904555,-9.385941762194932
441,3,-1,80.38544084360771,-9.720332441471442
442,3,-1,80.34563736451801,-10.070822274936916
443,3,-1,80.31251245908705,-10.4220262306562
444,3,-1,80.28239513504157,-10.760483974001573
445,3,-1,80.28239513504157,-10.760483974001573
446,3,-1,80.24750104394502,-11.07861639594175
447,3,-1,80.19914864586632,-11.370277324534387
448,3,-1,80.19914864586632,-11.370277324534387
449,3,-1,80.12974957182172,-11.627441728187279
450,3,-1,80.09858793915477,-11.697418285257186
451,3,-1,80.0674263064878,-11.767394842327093
452,3,-1,80.03626467382082,-11.837371399397
453,3,-1,80.03626467382082,-11.837371399397
454,3,-1,79.91879610104473,-11.996615808019667
455,3,-1,79.78250640676215,-12.102801255343351
456,3,-1,79.63168518406859,-12.146465874976853
457,3,-1,79.55015609138718,-12.131955267465058
458,3,-1,79.46862699870576,-12.117444659953264
459,3,-1,79.46862699870576,-12.117444659953264
460,3,-1,79.29376397667916,-12.02134377819094
461,3,-1,79.10713232570481,-11.867918228530442
462,3,-1,78.90874153061219,-11.667000159965085
463,3,-1,78.83873962345454,-11.587368189355098
464,3,-1,78.76873771629687,-11.507736218745114
465,3,-1,78.69873580913922,-11.428104248135128
466,3,-1,78.69873580913922,-11.428104248135128
467,3,-1,78.47889608017023,-11.15967103067378
430,3,-1,-157.65861748068758,1.9221484512283953
431,3,-1,-158.97921437793795,1.6884694262392514
432,3,-1,-159.65454421915447,1.5630482500850535
433,3,-1,-160.32987406037097,1.4376270739308554
434,3,-1,-160.32987406037097,1.4376270739308554
435,3,-1,-161.71764013295044,1.169449737165493
436,3,-1,-162.07497506609587,1.098737222705079
437,3,-1,-162.43230999924128,1.028024708244665
438,3,-1,-162.7896449323867,0.9573121937842508
439,3,-1,-163.14697986553213,0.8865996793238367
440,3,-1,-163.14697986553213,0.8865996793238367
441,3,-1,-164.61870122026718,0.5917942942102741
442,3,-1,-166.13269733238053,0.28776475823512726
443,3,-1,-167.68886133709734,-0.02275775219126785
444,3,-1,-169.2870863696425,-0.33704206065857534
445,3,-1,-169.2870863696425,-0.33704206065857534
446,3,-1,-170.92726556524107,-0.6523569907564735
447,3,-1,-172.6086220282507,-0.9661708406299424
448,3,-1,-172.6086220282507,-0.9661708406299424
449,3,-1,-174.32769873955945,-1.2767498066452703
450,3,-1,-174.91192204276894,-1.3786863910048623
451,3,-1,-175.49614534597842,-1.4806229753644544
452,3,-1,-176.08036864918788,-1.5825595597240465
453,3,-1,-176.08036864918788,-1.5825595597240465
454,3,-1,-177.86250470715666,-1.8820657707878607
455,3,-1,-179.66997986348636,-2.1737341107583177
456,3,-1,178.5013329318023,-2.4560302505570206
457,3,-1,177.57844683024553,-2.59172505583129
458,3,-1,176.65556072868873,-2.727419861105559
459,3,-1,176.65556072868873,-2.727419861105559
460,3,-1,174.79683057715226,-2.9863686133255385
461,3,-1,172.9296089453006,-3.2305375833892067
462,3,-1,171.059719973754,-3.4543694684714983
463,3,-1,170.43758905625643,-3.5200804359803284
464,3,-1,169.8154581387588,-3.5857914034891585
465,3,-1,169.19332722126126,-3.6515023709979886
466,3,-1,169.19332722126126,-3.6515023709979886
467,3,-1,167.33659424657097,-3.8155743933942716
468,3,-1,165.49568460843182,-3.9402236380859255
469,3,-1,163.67676186559245,-4.019088207498527
470,3,-1,161.88598957680153,-4.045806204057669
471,3,-1,161.008712525024,-4.030538263714874
472,3,-1,160.1314354732465,-4.015270323372079
473,3,-1,160.1314354732465,-4.015270323372079
474,3,-1,158.42878397586998,-3.927391633782918
475,3,-1,156.7956236780532,-3.783335796814498
476,3,-1,155.2443854653495,-3.5840039218884097
477,3,-1,154.50615581446368,-3.45716427013798
478,3,-1,153.7679261635779,-3.33032461838755
479,3,-1,153.7679261635779,-3.33032461838755
480,3,-1,152.35817197704213,-3.027304777080545
481,3,-1,151.00810588162432,-2.6810369971081798
482,3,-1,150.3594083674154,-2.489325437359696
483,3,-1,149.71071085320645,-2.2976138776112123
484,3,-1,149.71071085320645,-2.2976138776112123
485,3,-1,148.45896986767062,-1.8831280177304137
486,3,-1,147.24586590089876,-1.4436720166065413
487,3,-1,146.064381928773,-0.9853384733803808
488,3,-1,144.90750092717533,-0.514219987192675
489,3,-1,143.76820587198782,-0.03640915718420956
490,3,-1,142.63888775606344,0.44291689324771255
491,3,-1,141.51133112718776,0.9223429011262994
492,3,-1,141.51133112718776,0.9223429011262994
473,8,-1,78.45568998954252,-8.65177003065034
474,8,-1,78.63143000738678,-8.722171561611091
475,8,-1,78.80815328129366,-8.800528470758094
476,8,-1,78.98295719882258,-8.893156060040399
477,8,-1,79.06773552871296,-8.949771922951323
478,8,-1,79.15251385860336,-9.006387785862245
479,8,-1,79.15251385860336,-9.006387785862245
480,8,-1,79.31432859352013,-9.144297411691399
481,8,-1,79.46875809393141,-9.302609691890725
482,8,-1,79.54193073689899,-9.39047806009227
483,8,-1,79.61510337986658,-9.47834642829382
484,8,-1,79.61510337986658,-9.47834642829382
485,8,-1,79.75184698192486,-9.669656876461246
486,8,-1,79.87503286948736,-9.865255767055842
487,8,-1,79.97733979645194,-10.05475527822776
488,8,-1,80.04741574610082,-10.230286407792988
489,8,-1,80.07561250693674,-10.38384862558928
490,8,-1,80.06906520764377,-10.510529673028515
491,8,-1,80.03922029528223,-10.606284951286767
492,8,-1,80.03922029528223,-10.606284951286767
493,8,-1,79.99657679753449,-10.667997849281477
494,8,-1,79.94746569192971,-10.695839298357184
495,8,-1,79.9214539798719,-10.693741124773348
496,8,-1,79.89544226781409,-10.69164295118951
497,8,-1,79.89544226781409,-10.69164295118951
498,8,-1,79.84277410525219,-10.667589315397748
499,8,-1,79.79228569291489,-10.63963968690473
500,8,-1,79.78047467521587,-10.633110304231712
501,8,-1,79.76866365751685,-10.626580921558698
502,8,-1,79.75685263981784,-10.620051538885681
503,8,-1,79.7450416221188,-10.613522156212667
504,8,-1,79.7450416221188,-10.613522156212667
505,8,-1,79.70296264226043,-10.591740548295732
506,8,-1,79.67257737897478,-10.575140536445545
507,8,-1,79.66516105411412,-10.569369277247205
508,8,-1,79.65774472925345,-10.563598018048864
509,8,-1,79.65774472925345,-10.563598018048864
510,8,-1,79.65989479319158,-10.556032342494161
511,8,-1,79.68014762562392,-10.554291717055007
512,8,-1,79.72110592146703,-10.561796561575818
513,8,-1,79.78399236627831,-10.579695946570183
514,8,-1,79.86778501975088,-10.605332957228768
515,8,-1,79.9193863852371,-10.620270466656393
516,8,-1,79.97098775072335,-10.635207976084018
517,8,-1,79.97098775072335,-10.635207976084018
518,8,-1,80.0928284044971,-10.663719843269632
519,8,-1,80.23488418819315,-10.677269975871468
520,8,-1,80.39727395587599,-10.665120677378368
521,8,-1,80.39727395587599,-10.665120677378368
522,8,-1,80.57891330559312,-10.631933761084923
523,8,-1,80.77535218799324,-10.591031497261767
524,8,-1,80.77535218799324,-10.591031497261767
525,8,-1,80.97880770499239,-10.54947086778576
526,8,-1,81.18054225224458,-10.50504741495891
527,8,-1,81.3697690332768,-10.45981155710139
528,8,-1,81.4524710370252,-10.438642301043933
529,8,-1,81.53517304077361,-10.41747304498648
530,8,-1,81.53517304077361,-10.41747304498648
531,8,-1,81.6643227471475,-10.381542348199886
532,8,-1,81.68308697320525,-10.374954923627438
533,8,-1,81.70185119926299,-10.368367499054989
534,8,-1,81.72061542532076,-10.361780074482542
535,8,-1,81.73937965137851,-10.355192649910094
536,8,-1,81.73937965137851,-10.355192649910094
537,8,-1,81.74052644124338,-10.341119690175958
538,8,-1,81.65746475459551,-10.334919151127366
539,8,-1,81.48076392226842,-10.331223696105297
540,8,-1,81.34824181330795,-10.324435548357997
541,8,-1,81.2157197043475,-10.317647400610696
542,8,-1,81.2157197043475,-10.317647400610696
543,8,-1,80.89112949170074,-10.28662094416417
544,8,-1,80.53358085903872,-10.22976802065999
545,8,-1,80.41047492187757,-10.199407781264648
546,8,-1,80.28736898471641,-10.16904754186931
547,8,-1,80.16426304755525,-10.138687302473969
548,8,-1,80.16426304755525,-10.138687302473969
549,8,-1,79.79921154291715,-10.004866005037997
550,8,-1,79.44356648089507,-9.822670805436074
551,8,-1,79.10016645712858,-9.595119453364347
552,8,-1,78.77100973354021,-9.331491621074676
553,8,-1,78.61560986648963,-9.193868712707426
554,8,-1,78.46020999943904,-9.056245804340177
555,8,-1,78.46020999943904,-9.056245804340177
556,8,-1,78.17383198567268,-8.804813645645128
557,8,-1,77.9127237331851,-8.596484270448897
558,8,-1,77.67652116537258,-8.436333838299163
559,8,-1,77.67652116537258,-8.436333838299163
560,8,-1,77.46802972062542,-8.331258307060438
561,8,-1,77.30139362348828,-8.303389253270808
562,8,-1,77.18836881159213,-8.366986070218744
563,8,-1,77.13133086541185,-8.516276123385467
564,8,-1,77.12746742052894,-8.588666297012784
565,8,-1,77.12360397564603,-8.6610564706401
566,8,-1,77.11974053076314,-8.733446644267417
567,8,-1,77.11974053076314,-8.733446644267417
568,8,-1,77.14119569717764,-9.007539434101332
569,8,-1,77.1803401509157,-9.33497207223152
570,8,-1,77.2226743800325,-9.70755961263889
571,8,-1,77.23314863463447,-9.843528679853867
572,8,-1,77.24362288923645,-9.979497747068843
573,8,-1,77.25409714383844,-10.11546681428382
574,8,-1,77.25409714383844,-10.11546681428382
575,8,-1,77.26401395197048,-10.548800057895674
576,8,-1,77.25224415185167,-11.00377483310402
577,8,-1,77.22365012691276,-11.477337125263233
