15,3,-1,-9.960257672798573,-6.281289705828328
16,3,-1,-9.931125329531,-6.371640731308958
17,3,-1,-9.910442619160882,-6.448225149614672
18,3,-1,-9.864720685070903,-6.630311246932962
19,3,-1,-9.832741771507198,-6.76677798316382
20,3,-1,-9.82226890711731,-6.810937043423834
21,3,-1,-9.800948432395222,-6.9009314491936316
22,3,-1,-9.79906858291067,-6.909097156048803
23,3,-1,-9.797188733426115,-6.917262862903976
24,3,-1,-9.795308883941562,-6.925428569759149
25,3,-1,-9.793429034457008,-6.933594276614321
26,3,-1,-9.791549184972455,-6.941759983469493
27,3,-1,-9.7896693354879,-6.949925690324666
28,3,-1,-9.787789486003348,-6.958091397179839
29,3,-1,-9.785909636518793,-6.9662571040350105
30,3,-1,-9.78402978703424,-6.974422810890184
31,3,-1,-9.782149937549686,-6.982588517745356
32,3,-1,-9.7625485014432,-7.0683858058080205
33,3,-1,-9.723345629230227,-7.239980381933351
34,3,-1,-9.684142757017204,-7.411574958058679
35,3,-1,-9.64493988480428,-7.583169534184008
36,3,-1,-9.618804636662265,-7.6975659182675615
37,3,-1,-9.605737012591309,-7.754764110309338
38,3,-1,-9.586135576484821,-7.840561398372003
39,3,-1,-9.562613853156998,-7.9435181440472
40,3,-1,-9.554773278714425,-7.977837059272267
41,3,-1,-9.54693270427185,-8.012155974497333
34,13,-1,102.61317826277966,-21.879360354001548
35,13,-1,102.61342818802937,-21.872737834756933
36,13,-1,102.6135948048625,-21.868322821927194
37,13,-1,102.61367811327906,-21.86611531551232
38,13,-1,102.61380307590392,-21.86280405589001
39,13,-1,102.61395303105374,-21.858830544343242
40,13,-1,102.61400301610367,-21.85750604049432
41,13,-1,102.61405300115361,-21.856181536645394
42,13,-1,102.61417796377847,-21.85287027702309
43,13,-1,102.61426127219505,-21.850662770608213
44,13,-1,102.61430292640333,-21.84955901740078
45,13,-1,102.6144375015378,-21.84599304549983
46,13,-1,102.614456726557,-21.845483620942552
47,13,-1,102.6144759515762,-21.844974196385273
48,13,-1,102.61449517659541,-21.844464771828
49,13,-1,102.61451440161463,-21.84395534727072
50,13,-1,102.61453362663383,-21.843445922713443
51,13,-1,102.61455285165303,-21.842936498156163
52,13,-1,102.61456246416263,-21.842681785877527
53,13,-1,102.61458168918183,-21.842172361320245
54,13,-1,102.61460091420103,-21.841662936762965
55,13,-1,102.61462013922025,-21.84115351220569
56,13,-1,102.61463936423945,-21.84064408764841
57,13,-1,102.61465858925868,-21.84013466309113
58,13,-1,102.61467781427787,-21.839625238533852
59,13,-1,102.61480277690274,-21.836313978911548
60,13,-1,102.61505270215244,-21.829691459666932
61,13,-1,102.61517766477729,-21.826380200044625
32,13,-1,31.458658561758064,-24.845274905312067
33,13,-1,31.513974773873915,-24.79408148060307
34,13,-1,31.577854369714036,-24.7177499074169
35,13,-1,31.634762659922213,-24.624174547895947
36,13,-1,31.660220301707767,-24.556008212347134
37,13,-1,31.66916495514227,-24.52124976418257
38,13,-1,31.67307176420794,-24.468748326423224
39,13,-1,31.66133875769499,-24.40681620182296
40,13,-1,31.65296314104896,-24.386708768630566
41,13,-1,31.644587524402933,-24.36660133543818
42,13,-1,31.60831280319321,-24.318929372748077
43,13,-1,31.57261131187728,-24.28953700799379
44,13,-1,31.55476056621931,-24.27484082561665
45,13,-1,31.474794460401295,-24.23269141201679
46,13,-1,31.460405426580493,-24.227429257426937
47,13,-1,31.446016392759688,-24.22216710283709
48,13,-1,31.43162735893888,-24.216904948247237
49,13,-1,31.417238325118074,-24.21164279365739
50,13,-1,31.402849291297265,-24.206380639067536
51,13,-1,31.388460257476456,-24.20111848447769
52,13,-1,31.379675072779968,-24.198878772845987
53,13,-1,31.36210470338697,-24.194399349582586
54,13,-1,31.344534333993977,-24.189919926319188
55,13,-1,31.326963964600985,-24.185440503055787
56,13,-1,31.309393595207986,-24.180961079792386
57,13,-1,31.291823225814994,-24.176481656528985
58,13,-1,31.274252856422,-24.172002233265587
59,13,-1,31.139849281032355,-24.147504483203065
60,13,-1,30.812383634783565,-24.11048747663739
61,13,-1,30.62028657769245,-24.097029715189546
62,13,-1,30.40992337380222,-24.08631344500191
63,13,-1,29.936328553160482,-24.071228368517865
64,13,-1,29.674061950177023,-24.065921057276768
65,13,-1,29.395459227930516,-24.061478227406482
66,13,-1,28.79117545318445,-24.053309001889005
67,13,-1,28.70999644350157,-24.052142776741032
68,13,-1,28.62881743381869,-24.05097655159306
69,13,-1,28.547638424135815,-24.049810326445087
70,13,-1,28.46645941445293,-24.048644101297114
71,13,-1,28.12733728399444,-24.04296667218667
72,13,-1,27.40780477543264,-24.026697218520695
73,13,-1,26.637050679434463,-24.000985359769288
74,13,-1,26.156667612473537,-23.981463498047628
75,13,-1,25.995153694132025,-23.974635150983968
76,13,-1,25.833639775790502,-23.967806803920315
77,13,-1,25.631400820524973,-23.959191105134963
78,13,-1,25.429161865259438,-23.950575406349614
79,13,-1,25.02468395472837,-23.933344008778917
80,13,-1,24.862892790515943,-23.92645144975064
81,13,-1,24.701101626303515,-23.919558890722364
82,13,-1,24.6202060441973,-23.91611261120822
83,13,-1,24.215728133666236,-23.898881213637523
84,13,-1,23.81125022313517,-23.881649816066822
85,13,-1,23.002294402073034,-23.847187020925432
86,13,-1,22.597816491541966,-23.82995562335474
32,13,-1,29.183120085424175,-9.230800709206918
33,13,-1,29.315040352542276,-9.283388350959783
34,13,-1,29.50847324023095,-9.397366126186313
35,13,-1,29.725987616205355,-9.583341300125298
36,13,-1,29.872898577523117,-9.749103156037283
37,13,-1,29.946385796994125,-9.840030400422435
38,13,-1,30.05620374268692,-9.990798467973889
39,13,-1,30.186645062778293,-10.189103539383526
40,13,-1,30.22967030087885,-10.258854008921595
41,13,-1,30.272695538979413,-10.328604478459667
42,13,-1,30.37859511116641,-10.511657540534983
43,13,-1,30.447786322991984,-10.63590928411115
44,13,-1,30.482381928904765,-10.698035155899234
45,13,-1,30.586083527010267,-10.892536067886072
46,13,-1,30.598864881617633,-10.918860627637306
47,13,-1,30.611646236225006,-10.945185187388542
48,13,-1,30.624427590832372,-10.971509747139779
49,13,-1,30.637208945439745,-10.997834306891013
50,13,-1,30.649990300047108,-11.02415886664225
51,13,-1,30.662771654654485,-11.050483426393484
52,13,-1,30.667446431789728,-11.062604032714285
53,13,-1,30.676795986060224,-11.086845245355883
54,13,-1,30.686145540330713,-11.111086457997484
55,13,-1,30.695495094601206,-11.135327670639082
56,13,-1,30.704844648871696,-11.159568883280683
57,13,-1,30.714194203142192,-11.183810095922281
58,13,-1,30.72354375741268,-11.208051308563881
59,13,-1,30.755079225404902,-11.352118739323743
60,13,-1,30.702107365610782,-11.601438237070338
61,13,-1,30.603268796933918,-11.707361427782914
62,13,-1,30.446828076662186,-11.80107664873951
63,13,-1,29.94403504820767,-11.956156511831807
64,13,-1,29.597965708407028,-12.018517885263662
65,13,-1,29.19106220798415,-12.066937592868172
66,13,-1,28.201896823635916,-12.110886806323732
67,13,-1,28.05720126513997,-12.108780508967515
68,13,-1,27.912505706644026,-12.106674211611297
69,13,-1,27.767810148148076,-12.104567914255082
70,13,-1,27.623114589652133,-12.102461616898864
71,13,-1,26.99051029449527,-12.071283710032077
72,13,-1,25.569455888643365,-11.92922788796588
73,13,-1,23.956490393579344,-11.665083941181505
74,13,-1,22.90782979783679,-11.45030662701699
75,13,-1,22.546342722160393,-11.370430068342957
76,13,-1,22.184855646483992,-11.290553509668925
77,13,-1,21.71501576969161,-11.181268026923604
78,13,-1,21.245175892899233,-11.071982544178283
79,13,-1,20.268114084748394,-10.840670550563404
80,13,-1,19.86127131904727,-10.744554506355609
81,13,-1,19.454428553346144,-10.648438462147816
82,13,-1,19.251007170495583,-10.600380440043919
83,13,-1,18.192942795468852,-10.354882694375034
84,13,-1,17.10125445381557,-10.110353706916001
85,13,-1,14.857964890764347,-9.64303335451639
86,13,-1,13.7297999748193,-9.422412543512323
87,13,-1,12.611457173199202,-9.2111013706931
88,13,-1,11.23350581603511,-8.960657788373899
89,13,-1,10.688155097415622,-8.864041120951619
90,13,-1,10.415479738105875,-8.815732787240478
91,13,-1,9.340860618331858,-8.631127355711726
92,13,-1,8.282847360301037,-8.454573406589546
93,13,-1,8.230606325186292,-8.44605898011599
94,13,-1,8.126124254956805,-8.429030127168884
95,13,-1,8.021642184727314,-8.412001274221776
96,13,-1,7.917160114497826,-8.394972421274668
97,13,-1,7.812678044268337,-8.377943568327561
98,13,-1,7.708195974038849,-8.360914715380451
99,13,-1,7.603713903809358,-8.343885862433345
100,13,-1,7.49923183357987,-8.326857009486236
101,13,-1,7.394749763350379,-8.309828156539128
102,13,-1,7.290267693120891,-8.292799303592021
103,13,-1,7.238026658006146,-8.284284877118466
35,13,-1,12.756864320689802,-9.290387140351003
36,13,-1,13.018851473112745,-9.22762209051841
37,13,-1,13.184518612734799,-9.182880721181293
38,13,-1,13.498388448166365,-9.088062638004317
39,13,-1,13.95962157993499,-8.93305874935849
40,13,-1,14.132649477455129,-8.871610052423305
41,13,-1,14.305677374975271,-8.81016135548812
42,13,-1,14.792572393399816,-8.62941845277713
43,13,-1,15.150866852655774,-8.49260307412301
44,13,-1,15.330014082283753,-8.42419538479595
45,13,-1,15.962469931101388,-8.178190037938704
46,13,-1,16.058962118379593,-8.140303820521309
47,13,-1,16.155454305657795,-8.10241760310391
48,13,-1,16.251946492936,-8.064531385686514
49,13,-1,16.348438680214205,-8.026645168269118
50,13,-1,16.444930867492406,-7.988758950851722
51,13,-1,16.54142305477061,-7.950872733434325
52,13,-1,16.592685368253175,-7.930655995497804
53,13,-1,16.695209995218303,-7.8902225196247615
54,13,-1,16.79773462218343,-7.849789043751719
55,13,-1,16.900259249148554,-7.809355567878676
56,13,-1,17.002783876113686,-7.768922092005636
57,13,-1,17.105308503078813,-7.728488616132593
58,13,-1,17.207833130043937,-7.688055140259551
59,13,-1,17.909675459117466,-7.41132136222592
60,13,-1,19.404542462005924,-6.826669231993392
61,13,-1,20.190009927491264,-6.5240328700001555
62,13,-1,20.995795230117604,-6.218044303559395
63,13,-1,22.653204930134123,-5.606574537746596
64,13,-1,23.496449370048428,-5.305630889396028
65,13,-1,24.34071586858025,-5.008080464706225
66,13,-1,26.013496004242878,-4.430370861641521
67,13,-1,26.21880761149806,-4.362719090195704
68,13,-1,26.424119218753244,-4.295067318749886
69,13,-1,26.629430826008427,-4.227415547304069
70,13,-1,26.83474243326361,-4.159763775858252
71,13,-1,27.641679022822274,-3.9104042397141825
72,13,-1,29.19940172919425,-3.49274745501053
73,13,-1,30.660010470410008,-3.2090309028512536
74,13,-1,31.4771765949524,-3.1169403874631967
75,13,-1,31.739278025144763,-3.098955830012468
76,13,-1,32.00137945533713,-3.08097127256174
77,13,-1,32.31362065498117,-3.076006312351382
78,13,-1,32.62586185462522,-3.071041352141023
79,13,-1,33.21966373549296,-3.0930375350966415
80,13,-1,33.4449485435809,-3.113364301697527
81,13,-1,33.67023335166885,-3.133691068298413
82,13,-1,33.782875755712816,-3.1438544515988553
83,13,-1,34.315588573057276,-3.2203867318179107
84,13,-1,34.81916159896319,-3.3198442394534737
85,13,-1,35.765129607713405,-3.58123320329139
86,13,-1,36.21809879251805,-3.7381072792931747
87,13,-1,36.66084224881656,-3.908962620772101
88,13,-1,37.201845043012376,-4.140028420609209
89,13,-1,37.41548709972566,-4.236458549488152
90,13,-1,37.52230812808231,-4.284673613927623
91,13,-1,37.944358627143075,-4.485557522487326
92,13,-1,38.3628395498848,-4.6924792102903865
93,13,-1,38.383668319108274,-4.703027890064786
94,13,-1,38.425325857555215,-4.724125249613584
95,13,-1,38.46698339600216,-4.745222609162384
96,13,-1,38.508640934449105,-4.766319968711182
97,13,-1,38.55029847289605,-4.787417328259981
98,13,-1,38.591956011342994,-4.8085146878087786
99,13,-1,38.63361354978994,-4.829612047357577
100,13,-1,38.67527108823688,-4.850709406906375
101,13,-1,38.71692862668383,-4.871806766455174
102,13,-1,38.75858616513077,-4.892904126003973
103,13,-1,38.77941493435425,-4.903452805778372
104,13,-1,39.613505240663414,-5.329612233575289
85,3,-1,-6.074569115731535,-8.170046482555946
86,3,-1,-6.107427587623157,-8.018900795946692
87,3,-1,-6.148678862817707,-7.769690071333784
88,3,-1,-6.205978366725583,-7.320686937460274
89,3,-1,-6.231357465314047,-7.106613024952871
90,3,-1,-6.244047014608278,-6.99957606869917
91,3,-1,-6.305331557020312,-6.49213864138224
92,3,-1,-6.3789494253970025,-5.913086235800819
93,3,-1,-6.383195497856435,-5.8809902288381295
94,3,-1,-6.391687642775301,-5.816798214912751
95,3,-1,-6.400179787694166,-5.752606200987373
96,3,-1,-6.408671932613032,-5.688414187061994
97,3,-1,-6.417164077531898,-5.624222173136616
98,3,-1,-6.425656222450764,-5.560030159211237
99,3,-1,-6.434148367369629,-5.495838145285859
100,3,-1,-6.442640512288495,-5.4316461313604805
101,3,-1,-6.451132657207361,-5.367454117435102
102,3,-1,-6.459624802126227,-5.303262103509723
103,3,-1,-6.463870874585659,-5.2711660965470335
104,3,-1,-6.6611653263631725,-3.834647036263718
105,3,-1,-6.827302634358172,-2.656220311934952
104,3,-1,-22.146037288324536,-6.458455401431166
105,3,-1,-21.960052136750882,-6.279750663619573
106,3,-1,-21.886650414992058,-6.206441364849113
107,3,-1,-21.702587759138556,-6.0259819571995905
108,3,-1,-21.64656273446934,-5.974465142639396
109,3,-1,-21.53451268513092,-5.871431513519005
110,3,-1,-21.478487660461706,-5.8199146989588115
111,3,-1,-20.90956232372919,-5.350632604607384
112,3,-1,-20.467425817573027,-5.031878990513437
113,3,-1,-20.274090052661055,-4.901968754206006
114,3,-1,-20.17742217020507,-4.837013636052291
115,3,-1,-19.27973411011949,-4.3288878869250595
116,3,-1,-19.22531993773848,-4.303641565806425
117,3,-1,-19.17090576535746,-4.2783952446877915
118,3,-1,-19.11649159297645,-4.2531489235691575
119,3,-1,-19.062077420595433,-4.2279026024505235
120,3,-1,-19.007663248214413,-4.2026562813318895
121,3,-1,-18.9532490758334,-4.1774099602132555
122,3,-1,-18.898834903452386,-4.1521636390946215
123,3,-1,-18.844420731071367,-4.126917317975987
124,3,-1,-18.790006558690354,-4.1016709968573535
125,3,-1,-18.76279947249985,-4.089047836298036
126,3,-1,-17.58554537259541,-3.6666981169349815
127,3,-1,-17.14899899554894,-3.555170061817146
128,3,-1,-16.93072580702571,-3.4994060342582283
129,3,-1,-16.13930856056365,-3.3626480212369305
130,3,-1,-15.93463243412331,-3.3396723721089745
131,3,-1,-15.729956307682965,-3.3166967229810194
132,3,-1,-15.525280181242625,-3.293721073853064
133,3,-1,-14.785415564823722,-3.2514119569508324
134,3,-1,-13.869521809563382,-3.2408350484447426
135,3,-1,-13.558481053219143,-3.2449006743020763
136,3,-1,-13.247440296874903,-3.2489663001594096
137,3,-1,-13.175688895840729,-3.251344689165757
138,3,-1,-13.032186093772381,-3.2561014671784525
139,3,-1,-12.888683291704032,-3.260858245191147
140,3,-1,-12.745180489635684,-3.265615023203842
141,3,-1,-12.601677687567335,-3.270371801216537
142,3,-1,-12.458174885498988,-3.2751285792292317
143,3,-1,-11.663400823648141,-3.3104548011247488
144,3,-1,-10.604316898702926,-3.3615407577911753
145,3,-1,-10.07575027555641,-3.3870886134088494
146,3,-1,-9.917272437382008,-3.3947340438957267
147,3,-1,-9.6003167610332,-3.410024904869482
148,3,-1,-9.283361084684396,-3.425315765843237
143,3,-1,5.795306445681494,-6.955287216279345
144,3,-1,5.86740618512703,-7.026506078132571
145,3,-1,5.909130229283117,-7.065893488072419
146,3,-1,5.923522192428952,-7.077518193347473
147,3,-1,5.952306118720624,-7.10076760389758
148,3,-1,5.981090045012294,-7.124017014447688
149,3,-1,6.060765027986831,-7.173270281276416
150,3,-1,6.240813697702996,-7.226186347038293
151,3,-1,6.338029010438627,-7.226664800136362
152,3,-1,6.538077244778444,-7.1873412791256035
154,5,-1,-168.5342389265103,4.639849470871227
155,5,-1,-168.48223641021468,4.604695258299016
156,5,-1,-168.42607910542088,4.553470752092181
157,5,-1,-168.37941468796112,4.476655769153737
158,5,-1,-168.35340865182314,4.341502042649863
159,5,-1,-168.36519682580573,4.1017096012471645
160,5,-1,-168.4265632935448,3.742501160131183
161,5,-1,-168.5340122895812,3.271286471721808
162,5,-1,-168.60392839521649,3.005139258389164
163,5,-1,-168.76681646888878,2.4272969729368583
164,5,-1,-168.85529273112326,2.119452746592458
201,8,-1,9.604834291891914,-3.1267521091630783
202,8,-1,10.355947026068549,-3.1290094074745123
203,8,-1,10.851163946079462,-3.130292489405491
204,8,-1,10.963558904852839,-3.130247385851556
205,8,-1,11.188348822399599,-3.130157178743684
206,8,-1,11.413138739946351,-3.130066971635813
207,8,-1,12.031902662648314,-3.1270501590635864
208,8,-1,13.399922914473853,-3.107511869103945
209,8,-1,14.38018889018223,-3.0816337635308177
210,8,-1,14.880761479026123,-3.066724241795839
211,8,-1,15.646495872478427,-3.0431174635079254
212,8,-1,16.03379897840133,-3.032042047626937
213,8,-1,16.421102084324232,-3.0209666317459494
214,8,-1,17.97291519602455,-2.9918265766453516
215,8,-1,18.88843916865866,-2.9923684001361464
216,8,-1,19.18908808138966,-2.9966367249494197
217,8,-1,19.489736994120662,-3.000905049762693
218,8,-1,20.22960692140011,-3.026604632844041
219,8,-1,20.522242688327054,-3.043374855397181
220,8,-1,20.814878455253996,-3.0601450779503208
221,8,-1,20.96119633871747,-3.068530189226891
208,8,-1,122.73221685828665,-4.372080088409348
209,8,-1,123.20475134071062,-4.374592458562371
210,8,-1,123.48310650835519,-4.37457488085353
211,8,-1,123.97817372750329,-4.3696818653454
212,8,-1,124.26115387832587,-4.363642471431832
213,8,-1,124.54413402914842,-4.357603077518263
214,8,-1,125.86216833919407,-4.302611691410377
215,8,-1,126.75659801573731,-4.243829077631673
216,8,-1,127.06869599063228,-4.220056495616305
217,8,-1,127.38079396552719,-4.196283913600936
218,8,-1,128.19379847210263,-4.125925336469166
219,8,-1,128.52846223094664,-4.094054260848734
220,8,-1,128.86312598979063,-4.0621831852283
221,8,-1,129.03045786921265,-4.046247647418085
222,8,-1,130.7383226198226,-3.865366974254229
223,8,-1,131.3069866170846,-3.8000423317444407
224,8,-1,131.59131861571558,-3.7673800104895463
225,8,-1,133.26360115666236,-3.562558813926586
226,8,-1,134.0834975593621,-3.4564737613611527
227,8,-1,134.62390664010525,-3.384350600876033
228,8,-1,134.89411118047684,-3.348289020633473
229,8,-1,135.76892319507195,-3.2281218951282393
230,8,-1,135.91356484980636,-3.2078315798570856
231,8,-1,136.05820650454078,-3.187541264585932
232,8,-1,136.20284815927516,-3.167250949314777
233,8,-1,136.34748981400958,-3.1469606340436234
234,8,-1,136.492131468744,-3.1266703187724687
235,8,-1,137.28185883129262,-3.013761279679713
236,8,-1,137.43887602564385,-2.9909695030449344
237,8,-1,137.59589321999508,-2.9681777264101554
238,8,-1,137.75291041434633,-2.9453859497753765
239,8,-1,137.90992760869756,-2.9225941731405984
240,8,-1,138.06694480304878,-2.8998023965058195
241,8,-1,138.8485497317106,-2.7850561302710877
242,8,-1,139.7250994506721,-2.65534323583384
243,8,-1,139.919630422064,-2.626459823509947
244,8,-1,140.11416139345582,-2.597576411186054
245,8,-1,140.30869236484767,-2.5686929988621614
246,8,-1,140.40595785054361,-2.5542512927002146
247,8,-1,141.9618188391125,-2.3230965071023064
192,8,-1,-178.9331237770937,-2.542014706096708
193,8,-1,-178.78668218256783,-2.582333960154926
194,8,-1,-178.66801275875497,-2.649954567799378
195,8,-1,-178.62500558948727,-2.679908875727219
196,8,-1,-178.5819984202196,-2.7098631836550595
197,8,-1,-178.5631055718004,-2.725597064043088
198,8,-1,-178.52531987496195,-2.7570648248191456
199,8,-1,-178.48753417812358,-2.7885325855952035
200,8,-1,-178.46864132970435,-2.8042664659832326
201,8,-1,-178.24246131321297,-3.0407263536433367
202,8,-1,-178.04707962706846,-3.3225586477718423
203,8,-1,-177.97083424321968,-3.4721450060303027
204,8,-1,-177.9583263839343,-3.501118687222561
205,8,-1,-177.93331066536362,-3.5590660496070776
206,8,-1,-177.90829494679295,-3.6170134119915933
207,8,-1,-177.8595823793583,-3.751784218636829
208,8,-1,-177.80725996776866,-3.9747462455379297
209,8,-1,-177.81067828819613,-4.0726818843325585
210,8,-1,-177.82111208105763,-4.108457509851249
211,8,-1,-177.85511766972132,-4.131664863261733
212,8,-1,-177.88175073077676,-4.1260046489780535
213,8,-1,-177.9083837918322,-4.120344434694374
214,8,-1,-178.07515323726253,-3.9929170438861945
215,8,-1,-178.21565679656132,-3.865329263521343
216,8,-1,-178.2692438046671,-3.8171745137859916
217,8,-1,-178.32283081277285,-3.7690197640506398
218,8,-1,-178.4770862305542,-3.6389974242867007
219,8,-1,-178.54691572967283,-3.5860307035771632
220,8,-1,-178.6167452287915,-3.533063982867626
221,8,-1,-178.65165997835084,-3.506580622512857
222,8,-1,-179.06188419398396,-3.2635276465980496
223,8,-1,-179.21902508253953,-3.199424868391598
224,8,-1,-179.2975955268173,-3.167373479288372
225,8,-1,-179.8300591794079,-3.061992300878501
226,8,-1,179.87378071617644,-3.0659996054788223
227,8,-1,179.6610252635347,-3.0959488190578286
228,8,-1,179.5546475372138,-3.110923425847332
229,8,-1,179.17939023863514,-3.2060591449174747
230,8,-1,179.11318143179406,-3.2280895805485272
231,8,-1,179.04697262495299,-3.2501200161795794
232,8,-1,178.98076381811194,-3.272150451810631
233,8,-1,178.9145550112708,-3.2941808874416836
234,8,-1,178.84834620442976,-3.3162113230727357
235,8,-1,178.46322639806388,-3.4722758275897263
236,8,-1,178.38221299778823,-3.510038192968372
237,8,-1,178.3011995975126,-3.547800558347018
238,8,-1,178.22018619723698,-3.5855629237256643
239,8,-1,178.13917279696136,-3.6233252891043097
240,8,-1,178.0581593966857,-3.661087654482956
241,8,-1,177.634169374023,-3.880497017582485
242,8,-1,177.13493506079743,-4.162623515343647
243,8,-1,177.02024417478526,-4.231162284594213
244,8,-1,176.90555328877315,-4.299701053844778
245,8,-1,176.79086240276098,-4.368239823095345
246,8,-1,176.7335169597549,-4.402509207720627
247,8,-1,175.7694625450815,-5.021114108644497
248,8,-1,175.26622002191215,-5.361264360226187
249,8,-1,174.92220635385385,-5.599830407405032
250,8,-1,174.7501995198247,-5.719113430994455
251,8,-1,174.1326745560901,-6.156977759884607
252,8,-1,173.95317324317665,-6.285910210095125
253,8,-1,173.7736719302631,-6.414842660305641
254,8,-1,173.6839212738064,-6.4793088854109016
255,8,-1,172.5788211968485,-7.284502182534182
256,8,-1,171.7286830424297,-7.908046794845339
257,8,-1,171.4430926787729,-8.117495033004673
258,8,-1,170.28544407829293,-8.96163453190809
261,8,-1,7.825315907990276,-9.03040192170853
262,8,-1,8.079336969016008,-9.046941523959958
263,8,-1,8.279475805074835,-9.058456180645624
264,8,-1,8.324025844902097,-9.06003504019514
265,8,-1,8.36857588472936,-9.061613899744659
266,8,-1,8.41312592455662,-9.063192759294175
267,8,-1,8.457675964383881,-9.064771618843693
268,8,-1,8.670915799167545,-9.065517732030798
269,8,-1,8.710437305913283,-9.06418770900766
270,8,-1,8.74995881265902,-9.062857685984522
271,8,-1,8.78948031940476,-9.061527662961383
272,8,-1,8.829001826150497,-9.060197639938245
273,8,-1,8.868523332896233,-9.058867616915107
274,8,-1,8.888284086269103,-9.058202605403537
275,8,-1,9.179371260011331,-9.036380763366012
276,8,-1,9.324636269322419,-9.02231363354666
277,8,-1,9.540333091063818,-8.996061254115844
278,8,-1,9.958550509450196,-8.932744372746441
279,8,-1,10.348242713673477,-8.862749547362668
280,8,-1,10.696261406892212,-8.795362641159713
281,8,-1,10.98945829226497,-8.73986951733275
282,8,-1,11.038718041890498,-8.731520645932239
283,8,-1,11.087977791516021,-8.723171774531728
284,8,-1,11.112607666328783,-8.718997338831473
285,8,-1,11.157336075641815,-8.712060443802372
286,8,-1,11.202064484954846,-8.705123548773273
287,8,-1,11.224428689611361,-8.701655101258723
288,8,-1,11.383191946833412,-8.678436281468024
275,8,-1,28.535476440434284,-2.6958405051116805
276,8,-1,28.603200312559927,-2.6333244958008066
277,8,-1,28.749886143027645,-2.4816615603270833
278,8,-1,29.17694825210673,-2.0314917049943944
279,8,-1,29.763258961228114,-1.420731069506658
280,8,-1,30.477341470920642,-0.6819152648556894
281,8,-1,31.28725283104152,0.15294191666768597
282,8,-1,31.459616561862102,0.3303178354668717
283,8,-1,31.631980292682677,0.5076937542660573
284,8,-1,31.71816215809297,0.5963817136656501
285,8,-1,31.89531733143497,0.7785597013084583
286,8,-1,32.07247250477697,0.9607376889512667
287,8,-1,32.16105009144797,1.0518266827726706
288,8,-1,32.83935703216794,1.7490001705604286
289,8,-1,33.0667903019972,1.9827252411684666
290,8,-1,33.75008832867698,2.6849008840016566
291,8,-1,33.977854337570236,2.91895943161272
281,8,-1,58.10443424240439,-3.0750067719858833
282,8,-1,58.11111014575355,-3.060368561149264
283,8,-1,58.1177860491027,-3.045730350312644
284,8,-1,58.121124000777286,-3.038411244894334
285,8,-1,58.129230454844105,-3.0192919491077275
286,8,-1,58.13733690891093,-3.0001726533211213
287,8,-1,58.14139013594434,-2.990613005427818
288,8,-1,58.17715390388625,-2.9021115776656146
289,8,-1,58.18979043522572,-2.8703705592698867
290,8,-1,58.230203493000076,-2.7673056054202263
291,8,-1,58.2439129373778,-2.7322037733120084
292,8,-1,58.27833556402188,-2.6439824133591796
293,8,-1,58.29210461467952,-2.6086938693780475
294,8,-1,58.29898914000833,-2.5910495973874816
295,8,-1,58.354065342638854,-2.449895421462955
290,8,-1,-166.32008330504215,-6.938643866891206
291,8,-1,-166.35837753692903,-6.959704063490235
292,8,-1,-166.5021278718635,-7.049741429111193
293,8,-1,-166.57271183387027,-7.094809881490547
294,8,-1,-166.60800381487368,-7.117344107680225
295,8,-1,-166.98361603120242,-7.359380605723118
296,8,-1,-167.2435968511928,-7.527120091233659
297,8,-1,-167.30097125936777,-7.564081309702042
298,8,-1,-167.35834566754272,-7.601042528170426
299,8,-1,-167.41572007571764,-7.63800374663881
300,8,-1,-167.47309448389254,-7.674964965107193
301,8,-1,-167.75659520335776,-7.857036696542366
302,8,-1,-168.3932429374983,-8.263137470379405
303,8,-1,-168.46324220515086,-8.30741513545821
304,8,-1,-168.53324147280344,-8.351692800537018
305,8,-1,-168.60324074045604,-8.395970465615825
306,8,-1,-168.67324000810862,-8.44024813069463
307,8,-1,-168.74323927576123,-8.484525795773436
308,8,-1,-169.11225014387784,-8.716378935479241
309,8,-1,-169.90101411684748,-9.206198223810487
310,8,-1,-170.74693215075837,-9.722032467341807
311,8,-1,-171.63740153996147,-10.253318798041816
312,8,-1,-172.55981957880795,-10.789494347879199
313,8,-1,-173.02893051219996,-11.05645294448388
295,8,-1,-19.933864309558444,-5.851657389807059
296,8,-1,-19.98140373801792,-5.913142219790727
297,8,-1,-19.99061775710714,-5.9303120889279
298,8,-1,-19.999831776196366,-5.947481958065074
299,8,-1,-20.009045795285584,-5.96465182720225
300,8,-1,-20.018259814374805,-5.9818216963394235
301,8,-1,-20.048905932407436,-6.085929337289613
302,8,-1,-20.04123415773375,-6.385091930008883
303,8,-1,-20.030275330263393,-6.425001244720147
304,8,-1,-20.019316502793036,-6.464910559431411
305,8,-1,-20.008357675322674,-6.504819874142674
306,8,-1,-19.99739884785232,-6.544729188853938
307,8,-1,-19.98644002038196,-6.584638503565202
308,8,-1,-19.887465416738067,-6.816562465762331
309,8,-1,-19.535198357761004,-7.361678144304947
310,8,-1,-18.97123246074042,-7.981989949124937
311,8,-1,-18.213504707468587,-8.676085798781699
312,8,-1,-17.275313654445597,-9.455238398768358
313,8,-1,-16.75248371549264,-9.873282055932535
314,8,-1,-15.63652703522032,-10.754597301466802
315,8,-1,-15.0582350184893,-11.213280393165604
316,8,-1,-14.410749528792325,-11.732132739032824
317,8,-1,-14.281125374343217,-11.836216463502746
318,8,-1,-14.151501219894111,-11.940300187972667
319,8,-1,-14.021877065445004,-12.044383912442592
320,8,-1,-13.892252910995897,-12.148467636912514
321,8,-1,-13.308944215974863,-12.616844397027167
322,8,-1,-13.250613346472763,-12.66368207303863
323,8,-1,-13.133951607468568,-12.75735742506156
324,8,-1,-13.017289868464372,-12.851032777084491
325,8,-1,-12.900628129460173,-12.94470812910742
326,8,-1,-12.783966390455978,-13.038383481130351
327,8,-1,-12.725635520953881,-13.085221157141817
328,8,-1,-11.559018130911863,-14.021974677371121
329,8,-1,-10.97570943589083,-14.49035143748577
330,8,-1,-10.917378566388729,-14.537189113497234
331,8,-1,-10.859047696886634,-14.5840267895087
332,8,-1,-10.800716827384534,-14.630864465520165
333,8,-1,-10.742385957882437,-14.67770214153163
334,8,-1,-10.684055088380338,-14.724539817543098
335,8,-1,-10.625724218878238,-14.771377493554564
336,8,-1,-10.567393349376141,-14.81821516956603
337,8,-1,-10.509062479874043,-14.865052845577495
338,8,-1,-10.450731610371946,-14.911890521588958
339,8,-1,-10.392400740869846,-14.958728197600424
340,8,-1,-9.809092045848864,-15.427104957715073
341,1,-1,175.21798000543913,-10.004709725909763
342,1,-1,175.247672218447,-10.043862841835564
343,1,-1,175.32755447679313,-10.130313830997851
344,1,-1,175.37548800635847,-10.160330834495594
345,1,-1,175.483882515062,-10.15250362451435
346,1,-1,175.6063017129821,-10.013546385729285
347,1,-1,175.6756599592683,-9.891938449172585
348,1,-1,175.83804279194626,-9.569545437802063
349,1,-1,175.9341156791795,-9.383129881423315
350,1,-1,176.15694871504934,-8.99515851676935
351,1,-1,176.4137867705115,-8.637875110382678
352,1,-1,176.55240781066283,-8.482242099128726
353,2,-1,161.63113338121468,-3.3069739025281137
354,2,-1,161.6940498618251,-3.3158793863017775
355,2,-1,161.7569663424355,-3.3247848700754408
356,2,-1,161.81988282304593,-3.3336903538491045
357,2,-1,161.88279930365633,-3.3425958376227687
358,2,-1,161.94571578426672,-3.3515013213964324
359,2,-1,162.00863226487712,-3.3604068051700966
360,2,-1,162.07154874548755,-3.3693122889437603
361,2,-1,162.69807265386783,-3.4723023803222763
362,2,-1,163.52034938039728,-3.6144338247525662
363,2,-1,165.76414151906255,-3.998589608272753
364,2,-1,167.1740004625136,-4.234132710766232
365,2,-1,170.50371250870444,-4.784361217325895
366,2,-1,174.40111399427175,-5.409099650173758
367,2,-1,176.51704733124495,-5.728109610867108
368,2,-1,-179.01766205237988,-6.355990021054367
369,2,-1,-176.70937190667505,-6.665258159633893
370,2,-1,-172.0399046449899,-7.295220471643631
371,2,-1,-167.42162673758344,-7.985821139963193
372,2,-1,-165.16859696793168,-8.364801989783501
373,2,-1,-160.81763658451263,-9.180940633639494
374,2,-1,-158.7221299054235,-9.610172383482194
375,2,-1,-155.1189935012829,-8.60693389421732
376,2,-1,-154.9970075936422,-8.577866063405224
377,2,-1,-154.9107176282982,-8.557904097047285
378,2,-1,-154.70115020691676,-8.512177879231558
379,2,-1,-154.58470056998266,-8.49041261509717
380,2,-1,-154.34361503861183,-8.46549388427826
381,2,-1,-154.09670375871548,-8.4653269441866
382,2,-1,-153.9702660000336,-8.469751241205486
383,2,-1,-153.8391409061355,-8.475473031048054
384,2,-1,-153.55679256421612,-8.487749550227122
408,12,-1,154.73753784316526,-6.414622293177203
409,12,-1,155.41923904482368,-6.616339570334404
410,12,-1,156.49630154433308,-7.0184034550340195
411,12,-1,157.87301502839068,-7.604074726878906
412,12,-1,159.45006833914618,-8.308607764257658
413,12,-1,161.15799769306795,-9.03936900807156
414,12,-1,162.94450289806662,-9.745123293872737
415,12,-1,164.7648980038441,-10.412452478485633
416,12,-1,166.59379363532787,-11.053062752951547
414,11,-1,12.334561601725728,-7.151622001749742
415,11,-1,12.529506015927863,-7.251347103654539
416,11,-1,12.863630782707737,-7.419997644827987
417,11,-1,13.33481300286962,-7.6124311566449325
418,11,-1,13.937591658206228,-7.788610613034918
419,11,-1,14.668969543879234,-7.942031065114264
420,11,-1,15.533658259936505,-8.095681861915565
421,11,-1,16.544290273399852,-8.267894604688806
422,11,-1,17.702361226473084,-8.485866427445245
423,11,-1,18.97152972533967,-8.747487995831449
424,11,-1,20.29746454245829,-9.022341317543294
425,11,-1,21.633698580760328,-9.285447101355189
426,11,-1,22.97841744129744,-9.539143253899297
423,4,-1,54.19280469699119,-5.645945851321045
424,4,-1,54.27665515308901,-5.6808392190283845
425,4,-1,54.39920581969353,-5.740363199235019
426,4,-1,54.54110659155138,-5.812202485691317
427,4,-1,54.686232380951466,-5.886094323189198
437,0,-1,-146.63152408649302,1.9452780744733218
438,0,-1,-147.0573509926121,1.8281081339065113
439,0,-1,-147.65791578022774,1.6701414391361311
440,0,-1,-148.4049685852591,1.5017268711591925
441,0,-1,-149.27093033493844,1.352626971911192
442,0,-1,-150.2262359556666,1.2494971478059398
443,0,-1,-151.23393735207992,1.2036259071557114
444,0,-1,-152.26787869393027,1.2038662120763917
427,0,-1,-162.54329638201844,-10.481222816748499
428,0,-1,-161.7870326000886,-10.255519747664023
429,0,-1,-160.72350157008017,-9.880758304415949
430,0,-1,-159.42122104930073,-9.389708081767026
431,0,-1,-157.96772228998125,-8.797331838989706
432,0,-1,-156.44902037578652,-8.138068926783859
433,0,-1,-154.9395750405802,-7.438556450032822
434,0,-1,-153.52938768175395,-6.7728634766027085
435,0,-1,-152.32793362113068,-6.239523068124427
436,0,-1,-151.41065790832707,-5.867192976638933
437,0,-1,-150.85352479240146,-5.663811206418529
438,0,-1,-150.72249612345112,-5.627933775878986
439,0,-1,-151.032435274483,-5.75109594500816
440,0,-1,-151.76907231817458,-5.98766968759459
441,0,-1,-152.90749547194724,-6.257665375572202
442,0,-1,-154.41279094170784,-6.532572865300864
443,0,-1,-156.24860227619823,-6.811313664264418
444,0,-1,-158.37896008489403,-7.0872840037142595
445,0,-1,-160.78267320332165,-7.361358248756617
446,0,-1,-163.44221871258375,-7.635719324852488
447,0,-1,-166.33145913775112,-7.8950677450258
448,0,-1,-169.39402375215295,-8.097949144477766
449,0,-1,-172.58002583379707,-8.23057062192892
450,0,-1,-175.86168094762039,-8.283565186494798
451,0,-1,-179.22337318059917,-8.249665781655253
452,0,-1,177.3583285803724,-8.149990731434244
453,6,-1,3.7360515576264666,7.749652626835498
454,6,-1,3.735553028872405,7.71510094264228
455,6,-1,3.7366595413640575,7.696246967284238
456,6,-1,3.738619983035515,7.679707959673706
457,6,-1,3.7434986335436875,7.654957829817833
458,6,-1,3.7499390935045125,7.655108426019908
459,6,-1,3.764801375246322,7.723859040762689
460,6,-1,3.7960684615705094,7.880899234175955
461,6,-1,3.849372080934066,8.12536231708188
462,6,-1,3.9139481825557505,8.4352212159815
463,6,-1,3.9684698286694124,8.760161338079456
464,6,-1,3.996710707804593,9.081187665516353
465,6,-1,4.00153218532106,9.392304220970345
466,6,-1,3.9895288361313272,9.658076326573394
467,6,-1,3.9735721298142224,9.85443527195011
468,6,-1,3.956326684694393,10.007301306306488
469,6,-1,3.938407556937469,10.152861495566583
472,0,-1,158.53474381467115,-7.5022337643842585
473,0,-1,159.13359123423604,-7.542047323424812
474,0,-1,160.1297595045221,-7.568442896647539
475,0,-1,161.49021421916157,-7.534416845420919
476,0,-1,163.1786701441727,-7.456662724477085
477,0,-1,165.1820260193616,-7.334070268500483
478,0,-1,167.46151588149056,-7.137915913050676
479,0,-1,169.95503185822372,-6.875055673012852
480,0,-1,172.6028872837788,-6.598214236206999
481,0,-1,175.35469882818123,-6.398534361748062
482,0,-1,178.16822087938792,-6.342468108251538
483,0,-1,-178.98505907833496,-6.430753906172157
484,0,-1,-176.1273641618659,-6.603407805065018
485,0,-1,-173.27958818487957,-6.820191050472488
486,0,-1,-170.48259301387975,-7.038478711315875
487,0,-1,-167.78016639097697,-7.238283409752526
488,0,-1,-165.20334050655956,-7.4362004503515635
489,0,-1,-162.7709265467739,-7.649198830866298
490,0,-1,-160.4873199807272,-7.860755392974299
491,0,-1,-158.33864861918676,-8.058897863888276
492,0,-1,-156.27763940907252,-8.233087407148231
493,0,-1,-155.28247014126927,-8.307692073634525
494,0,-1,-153.36034471463645,-8.427513721167015
495,0,-1,-151.51056568873128,-8.478954997979855
496,0,-1,-149.73109439556796,-8.433933983603666
497,0,-1,-148.02797405145043,-8.285068915990749
498,0,-1,-146.38454313628299,-8.055658393843558
502,0,-1,-155.1739241936493,6.330468939399736
503,0,-1,-154.8115893247423,6.23459170058841
504,0,-1,-154.25161725461325,6.059367781381496
505,0,-1,-153.54341728356772,5.824633851877905
506,0,-1,-152.7363987119112,5.550226582176521
507,0,-1,-151.87997083994915,5.255982642376225
508,0,-1,-151.01530808460288,4.958432590892798
509,0,-1,-150.1506453292566,4.660882539409372
510,0,-1,-149.71831395158347,4.512107513667658
511,0,-1,-149.28598257391033,4.363332487925945
493,0,-1,-141.12073399890332,1.6551344945073367
494,0,-1,-141.30398067080398,1.6115121793528147
495,0,-1,-141.69413701374563,1.517506457267345
496,0,-1,-142.38552697850773,1.3647985616187552
497,0,-1,-143.44957228221767,1.1452191672604215
498,0,-1,-144.918442684703,0.8630733135707089
499,0,-1,-146.7534773832597,0.537928740215122
500,0,-1,-147.79100583281797,0.37225370909018807
501,0,-1,-150.07281302496975,0.04188913957639784
502,0,-1,-152.58454840004066,-0.3055491001117048
503,0,-1,-155.25970976217977,-0.6885020695301449
504,0,-1,-158.01339967598582,-1.092795971313791
505,0,-1,-160.79934936426315,-1.5352509684057625
506,0,-1,-163.61403353292494,-2.0416145371720518
507,0,-1,-166.44873208328758,-2.6186946795560004
508,0,-1,-169.29309471655156,-3.2778756932371635
509,0,-1,-172.14224791235168,-4.004485543169196
510,0,-1,-173.5703785189018,-4.379329831959495
511,0,-1,-175.001912354039,-4.754279038020471
512,0,-1,-176.43762483487848,-5.123642167392987
513,0,-1,-179.32276462324373,-5.8259213719442045
514,0,-1,179.22854961436502,-6.152617243465031
515,0,-1,177.77616891341347,-6.459849968712717
516,0,-1,174.8619064874695,-7.007532568835245
517,0,-1,171.9488985642691,-7.47213059810366
518,0,-1,169.77712628450325,-7.782392007510602
508,9,-1,63.23903522451748,3.620651435358837
509,9,-1,62.980076743576845,3.763164316162559
510,9,-1,62.795199237523285,3.8779933973288214
511,9,-1,62.58065235109228,4.016699013527558
512,9,-1,62.34252510090966,4.176005631742697
513,9,-1,61.819885575793165,4.543319742157991
514,9,-1,61.547551334111034,4.744776168326041
515,9,-1,61.27599279518081,4.953731464446278
516,9,-1,60.750132637649344,5.384599466703166
517,9,-1,60.243885964054435,5.827534145920438
518,9,-1,59.87253668953127,6.164863493041557
519,9,-1,59.749407380821445,6.2777088313139435
511,9,-1,34.37349542093772,-5.775934888060377
512,9,-1,34.42889130699927,-5.747933619906135
513,9,-1,34.60829161752537,-5.643700567293436
514,9,-1,34.73401367388815,-5.572221419085879
515,9,-1,34.887670920089015,-5.493397925968409
516,9,-1,35.29531075133028,-5.334516934974162
517,9,-1,35.84941971072651,-5.201952193960764
518,9,-1,36.32226788028987,-5.1336530335515596
519,9,-1,36.48168568143961,-5.115741759326809
520,9,-1,37.07820738167451,-5.087719112036609
521,9,-1,37.329330114173146,-5.09421671141844
522,9,-1,37.54097338973278,-5.112531211309218
523,9,-1,37.626722408835214,-5.126531050102599
524,9,-1,37.712471427937665,-5.140530888895981
525,9,-1,37.90183722693227,-5.195830725571682
526,9,-1,37.95537752434262,-5.216174146175305
527,9,-1,38.068188871948735,-5.271961705029264
528,9,-1,38.11926106789289,-5.298708670679602
529,9,-1,38.19221839261426,-5.336102553547392
529,0,-1,150.37186925074414,-1.8523259467929876
530,0,-1,151.01019273962459,-1.8076674662666932
531,0,-1,152.0159970342189,-1.6761671976175452
532,0,-1,153.3170547803353,-1.4454478916589724
533,0,-1,154.8764746476607,-1.1679456833204822
534,0,-1,156.67343916145572,-0.88270109691274
535,0,-1,158.67566069109907,-0.6054862258346532
536,0,-1,160.84496956847929,-0.36534319397102877
537,0,-1,163.12186178394563,-0.17468817446342655
538,0,-1,165.43961906231957,-0.02238498660811672
539,0,-1,167.78640626726786,0.12010283408824307
540,0,-1,170.18937078114936,0.27060913490410593
541,0,-1,172.6590372185538,0.4303796083359259
542,0,-1,175.19923653666626,0.5760817798410898
543,0,-1,177.81039168517427,0.6477291277080326
544,0,-1,-179.51055355523883,0.6087362217687655
545,0,-1,-176.7906710356069,0.49500361711673696
546,0,-1,-174.06552158273558,0.3921558727893739
547,0,-1,-171.35410381865776,0.36011888725050767
548,0,-1,-168.6669720314608,0.42448176528728254
549,0,-1,-166.0044866765481,0.6273359233814944
550,0,-1,-163.36768111956738,0.9558751200096084
551,0,-1,-160.76706517305234,1.3438637826804154
552,0,-1,-158.19948489817753,1.7125265317808527
553,0,-1,-155.658165585549,2.020556558735336
554,0,-1,-153.13347702126939,2.273301923328902
555,0,-1,-150.66593740521773,2.5051135404139586
556,0,-1,-148.26559482361247,2.793695567212893
557,0,-1,-145.88687879502228,3.1614337877056897
